Scenario,Description,Regimen,EKFC,Dose g,Interval h,Distribution ID,Distribution,CAZ CFR %,AVI weighted %,Joint CFR %,Δ Joint CFR pp,Joint PTA MIC4 %,Δ MIC4 pp,Toxicity %,Δ Toxicity pp,Origin class,Transformation,Review state
BASE,Baseline validated pilot,R1,0–30,0.625,12,LEE2022_KPC_KP,"KPC-like CR-K. pneumoniae, ATLAS 2020",93.65485488126649,74.22,72.80412928759894,0,66.425,0,9.42,0,USER_INPUT,NONE,SYSTEM_NORMALIZED
BASE,Baseline validated pilot,R1,0–30,0.625,12,LEE2022_OXA_KP,"OXA-like CR-K. pneumoniae, ATLAS 2020",95.5652966101695,74.22,72.95300847457627,0,66.425,0,9.42,0,USER_INPUT,NONE,SYSTEM_NORMALIZED
BASE,Baseline validated pilot,R1,0–30,0.625,12,INDIA2022_OXA48_KP,"OXA-48-like CR-K. pneumoniae, India",94.45033088235294,74.22000000000001,71.44227941176472,0,66.425,0,9.42,0,USER_INPUT,NONE,SYSTEM_NORMALIZED
BASE,Baseline validated pilot,R1,0–30,0.625,12,FR2024_OXA484_SERINE_ONLY,"French OXA-484 Enterobacterales, serine-only",98.06408333333334,74.22,74.08933333333334,0,66.425,0,9.42,0,USER_INPUT,NONE,SYSTEM_NORMALIZED
BASE,Baseline validated pilot,R8,31–60,2.5,12,LEE2022_KPC_KP,"KPC-like CR-K. pneumoniae, ATLAS 2020",98.2425857519789,89.22500000000001,88.41282321899736,0,87.985,0,9.62,0,USER_INPUT,NONE,SYSTEM_NORMALIZED
BASE,Baseline validated pilot,R8,31–60,2.5,12,LEE2022_OXA_KP,"OXA-like CR-K. pneumoniae, ATLAS 2020",98.22625000000002,89.22500000000001,87.95485169491526,0,87.985,0,9.62,0,USER_INPUT,NONE,SYSTEM_NORMALIZED
BASE,Baseline validated pilot,R8,31–60,2.5,12,INDIA2022_OXA48_KP,"OXA-48-like CR-K. pneumoniae, India",96.11161764705881,89.22500000000001,85.96338235294118,0,87.985,0,9.62,0,USER_INPUT,NONE,SYSTEM_NORMALIZED
BASE,Baseline validated pilot,R8,31–60,2.5,12,FR2024_OXA484_SERINE_ONLY,"French OXA-484 Enterobacterales, serine-only",99.76208333333334,89.22499999999998,89.20433333333331,0,87.985,0,9.62,0,USER_INPUT,NONE,SYSTEM_NORMALIZED
BASE,Baseline validated pilot,R10,61–90,2.5,8,LEE2022_KPC_KP,"KPC-like CR-K. pneumoniae, ATLAS 2020",98.4327308707124,88.14,87.42915567282323,0,87.535,0,10.665,0,USER_INPUT,NONE,SYSTEM_NORMALIZED
BASE,Baseline validated pilot,R10,61–90,2.5,8,LEE2022_OXA_KP,"OXA-like CR-K. pneumoniae, ATLAS 2020",98.30724576271186,88.14000000000003,86.91703389830509,0,87.535,0,10.665,0,USER_INPUT,NONE,SYSTEM_NORMALIZED
BASE,Baseline validated pilot,R10,61–90,2.5,8,INDIA2022_OXA48_KP,"OXA-48-like CR-K. pneumoniae, India",96.16680147058821,88.13999999999999,84.93959558823529,0,87.535,0,10.665,0,USER_INPUT,NONE,SYSTEM_NORMALIZED
BASE,Baseline validated pilot,R10,61–90,2.5,8,FR2024_OXA484_SERINE_ONLY,"French OXA-484 Enterobacterales, serine-only",99.80858333333335,88.14,88.12991666666667,0,87.535,0,10.665,0,USER_INPUT,NONE,SYSTEM_NORMALIZED
BASE,Baseline validated pilot,R12,91–120,2.5,6,LEE2022_KPC_KP,"KPC-like CR-K. pneumoniae, ATLAS 2020",98.59763852242745,88.14,87.49072559366755,0,87.76,0,11.82,0,USER_INPUT,NONE,SYSTEM_NORMALIZED
BASE,Baseline validated pilot,R12,91–120,2.5,6,LEE2022_OXA_KP,"OXA-like CR-K. pneumoniae, ATLAS 2020",98.37855932203391,88.14000000000003,86.93947033898306,0,87.76,0,11.82,0,USER_INPUT,NONE,SYSTEM_NORMALIZED
BASE,Baseline validated pilot,R12,91–120,2.5,6,INDIA2022_OXA48_KP,"OXA-48-like CR-K. pneumoniae, India",96.21154411764707,88.13999999999999,84.95058823529412,0,87.76,0,11.82,0,USER_INPUT,NONE,SYSTEM_NORMALIZED
BASE,Baseline validated pilot,R12,91–120,2.5,6,FR2024_OXA484_SERINE_ONLY,"French OXA-484 Enterobacterales, serine-only",99.84516666666667,88.14,88.13366666666667,0,87.76,0,11.82,0,USER_INPUT,NONE,SYSTEM_NORMALIZED
BASE,Baseline validated pilot,R13,121–150,2.5,6,LEE2022_KPC_KP,"KPC-like CR-K. pneumoniae, ATLAS 2020",98.02172823218997,80.39999999999998,79.73715039577836,0,80.015,0,7.045,0,USER_INPUT,NONE,SYSTEM_NORMALIZED
BASE,Baseline validated pilot,R13,121–150,2.5,6,LEE2022_OXA_KP,"OXA-like CR-K. pneumoniae, ATLAS 2020",98.12555084745763,80.4,79.27514830508476,0,80.015,0,7.045,0,USER_INPUT,NONE,SYSTEM_NORMALIZED
BASE,Baseline validated pilot,R13,121–150,2.5,6,INDIA2022_OXA48_KP,"OXA-48-like CR-K. pneumoniae, India",96.03632352941177,80.40000000000003,77.46297794117649,0,80.015,0,7.045,0,USER_INPUT,NONE,SYSTEM_NORMALIZED
BASE,Baseline validated pilot,R13,121–150,2.5,6,FR2024_OXA484_SERINE_ONLY,"French OXA-484 Enterobacterales, serine-only",99.71316666666667,80.4,80.39358333333334,0,80.015,0,7.045,0,USER_INPUT,NONE,SYSTEM_NORMALIZED
CAZ_CL_LOW,CAZ typical clearance −20%,R1,0–30,0.625,12,LEE2022_KPC_KP,"KPC-like CR-K. pneumoniae, ATLAS 2020",95.76843007915569,74.22,73.4081926121372,0.6040633245382594,72.13000000000001,5.7050000000000125,12.61,3.1899999999999995,MODEL_INFERRED,SCENARIO_GENERATION,USER_REVIEW_REQUIRED
CAZ_CL_LOW,CAZ typical clearance −20%,R1,0–30,0.625,12,LEE2022_OXA_KP,"OXA-like CR-K. pneumoniae, ATLAS 2020",96.90334745762712,74.22,73.15665254237288,0.20364406779661692,72.13000000000001,5.7050000000000125,12.61,3.1899999999999995,MODEL_INFERRED,SCENARIO_GENERATION,USER_REVIEW_REQUIRED
CAZ_CL_LOW,CAZ typical clearance −20%,R1,0–30,0.625,12,INDIA2022_OXA48_KP,"OXA-48-like CR-K. pneumoniae, India",95.36066176470588,74.22000000000001,71.61683823529413,0.17455882352940932,72.13000000000001,5.7050000000000125,12.61,3.1899999999999995,MODEL_INFERRED,SCENARIO_GENERATION,USER_REVIEW_REQUIRED
CAZ_CL_LOW,CAZ typical clearance −20%,R1,0–30,0.625,12,FR2024_OXA484_SERINE_ONLY,"French OXA-484 Enterobacterales, serine-only",98.90133333333333,74.22,74.18516666666667,0.09583333333333144,72.13000000000001,5.7050000000000125,12.61,3.1899999999999995,MODEL_INFERRED,SCENARIO_GENERATION,USER_REVIEW_REQUIRED
CAZ_CL_LOW,CAZ typical clearance −20%,R8,31–60,2.5,12,LEE2022_KPC_KP,"KPC-like CR-K. pneumoniae, ATLAS 2020",98.88299472295513,89.22500000000001,88.6645382585752,0.2517150395778458,89.05999999999999,1.0749999999999886,17.305,7.6850000000000005,MODEL_INFERRED,SCENARIO_GENERATION,USER_REVIEW_REQUIRED
CAZ_CL_LOW,CAZ typical clearance −20%,R8,31–60,2.5,12,LEE2022_OXA_KP,"OXA-like CR-K. pneumoniae, ATLAS 2020",98.49764830508475,89.22500000000001,88.05014830508475,0.0952966101694841,89.05999999999999,1.0749999999999886,17.305,7.6850000000000005,MODEL_INFERRED,SCENARIO_GENERATION,USER_REVIEW_REQUIRED
CAZ_CL_LOW,CAZ typical clearance −20%,R8,31–60,2.5,12,INDIA2022_OXA48_KP,"OXA-48-like CR-K. pneumoniae, India",96.30863970588234,89.22500000000001,86.03974264705883,0.07636029411764866,89.05999999999999,1.0749999999999886,17.305,7.6850000000000005,MODEL_INFERRED,SCENARIO_GENERATION,USER_REVIEW_REQUIRED
CAZ_CL_LOW,CAZ typical clearance −20%,R8,31–60,2.5,12,FR2024_OXA484_SERINE_ONLY,"French OXA-484 Enterobacterales, serine-only",99.8995,89.22499999999998,89.22224999999999,0.017916666666678793,89.05999999999999,1.0749999999999886,17.305,7.6850000000000005,MODEL_INFERRED,SCENARIO_GENERATION,USER_REVIEW_REQUIRED
CAZ_CL_LOW,CAZ typical clearance −20%,R10,61–90,2.5,8,LEE2022_KPC_KP,"KPC-like CR-K. pneumoniae, ATLAS 2020",98.99758575197887,88.14,87.63310026385224,0.20394459102901408,88.08500000000001,0.5500000000000114,18.825,8.16,MODEL_INFERRED,SCENARIO_GENERATION,USER_REVIEW_REQUIRED
CAZ_CL_LOW,CAZ typical clearance −20%,R10,61–90,2.5,8,LEE2022_OXA_KP,"OXA-like CR-K. pneumoniae, ATLAS 2020",98.54502118644069,88.14000000000003,86.99921610169493,0.08218220338983429,88.08500000000001,0.5500000000000114,18.825,8.16,MODEL_INFERRED,SCENARIO_GENERATION,USER_REVIEW_REQUIRED
CAZ_CL_LOW,CAZ typical clearance −20%,R10,61–90,2.5,8,INDIA2022_OXA48_KP,"OXA-48-like CR-K. pneumoniae, India",96.34705882352944,88.13999999999999,85.01099264705883,0.07139705882353553,88.08500000000001,0.5500000000000114,18.825,8.16,MODEL_INFERRED,SCENARIO_GENERATION,USER_REVIEW_REQUIRED
CAZ_CL_LOW,CAZ typical clearance −20%,R10,61–90,2.5,8,FR2024_OXA484_SERINE_ONLY,"French OXA-484 Enterobacterales, serine-only",99.92200000000001,88.14,88.13908333333335,0.00916666666667254,88.08500000000001,0.5500000000000114,18.825,8.16,MODEL_INFERRED,SCENARIO_GENERATION,USER_REVIEW_REQUIRED
CAZ_CL_LOW,CAZ typical clearance −20%,R12,91–120,2.5,6,LEE2022_KPC_KP,"KPC-like CR-K. pneumoniae, ATLAS 2020",99.09936675461742,88.14,87.67021108179419,0.17948548812664455,88.11,0.3499999999999943,20.605,8.785,MODEL_INFERRED,SCENARIO_GENERATION,USER_REVIEW_REQUIRED
CAZ_CL_LOW,CAZ typical clearance −20%,R12,91–120,2.5,6,LEE2022_OXA_KP,"OXA-like CR-K. pneumoniae, ATLAS 2020",98.58514830508474,88.14000000000003,87.01508474576272,0.07561440677966402,88.11,0.3499999999999943,20.605,8.785,MODEL_INFERRED,SCENARIO_GENERATION,USER_REVIEW_REQUIRED
CAZ_CL_LOW,CAZ typical clearance −20%,R12,91–120,2.5,6,INDIA2022_OXA48_KP,"OXA-48-like CR-K. pneumoniae, India",96.3802205882353,88.13999999999999,85.02639705882352,0.07580882352939966,88.11,0.3499999999999943,20.605,8.785,MODEL_INFERRED,SCENARIO_GENERATION,USER_REVIEW_REQUIRED
CAZ_CL_LOW,CAZ typical clearance −20%,R12,91–120,2.5,6,FR2024_OXA484_SERINE_ONLY,"French OXA-484 Enterobacterales, serine-only",99.93816666666667,88.14,88.13950000000001,0.005833333333342239,88.11,0.3499999999999943,20.605,8.785,MODEL_INFERRED,SCENARIO_GENERATION,USER_REVIEW_REQUIRED
CAZ_CL_LOW,CAZ typical clearance −20%,R13,121–150,2.5,6,LEE2022_KPC_KP,"KPC-like CR-K. pneumoniae, ATLAS 2020",98.72704485488127,80.39999999999998,79.93051451187335,0.19336411609499748,80.39500000000001,0.38000000000000966,13.530000000000001,6.485000000000001,MODEL_INFERRED,SCENARIO_GENERATION,USER_REVIEW_REQUIRED
CAZ_CL_LOW,CAZ typical clearance −20%,R13,121–150,2.5,6,LEE2022_OXA_KP,"OXA-like CR-K. pneumoniae, ATLAS 2020",98.42713983050847,80.4,79.35080508474577,0.07565677966101703,80.39500000000001,0.38000000000000966,13.530000000000001,6.485000000000001,MODEL_INFERRED,SCENARIO_GENERATION,USER_REVIEW_REQUIRED
CAZ_CL_LOW,CAZ typical clearance −20%,R13,121–150,2.5,6,INDIA2022_OXA48_KP,"OXA-48-like CR-K. pneumoniae, India",96.24411764705881,80.40000000000003,77.51404411764707,0.05106617647058442,80.39500000000001,0.38000000000000966,13.530000000000001,6.485000000000001,MODEL_INFERRED,SCENARIO_GENERATION,USER_REVIEW_REQUIRED
CAZ_CL_LOW,CAZ typical clearance −20%,R13,121–150,2.5,6,FR2024_OXA484_SERINE_ONLY,"French OXA-484 Enterobacterales, serine-only",99.86975,80.4,80.39991666666667,0.006333333333330415,80.39500000000001,0.38000000000000966,13.530000000000001,6.485000000000001,MODEL_INFERRED,SCENARIO_GENERATION,USER_REVIEW_REQUIRED
CAZ_CL_HIGH,CAZ typical clearance +20%,R1,0–30,0.625,12,LEE2022_KPC_KP,"KPC-like CR-K. pneumoniae, ATLAS 2020",91.25420844327178,74.22,72.05121372031662,-0.7529155672823151,58.79,-7.634999999999998,7.180000000000001,-2.2399999999999993,MODEL_INFERRED,SCENARIO_GENERATION,USER_REVIEW_REQUIRED
CAZ_CL_HIGH,CAZ typical clearance +20%,R1,0–30,0.625,12,LEE2022_OXA_KP,"OXA-like CR-K. pneumoniae, ATLAS 2020",93.87991525423729,74.22,72.69940677966102,-0.25360169491524687,58.79,-7.634999999999998,7.180000000000001,-2.2399999999999993,MODEL_INFERRED,SCENARIO_GENERATION,USER_REVIEW_REQUIRED
CAZ_CL_HIGH,CAZ typical clearance +20%,R1,0–30,0.625,12,INDIA2022_OXA48_KP,"OXA-48-like CR-K. pneumoniae, India",93.2726838235294,74.22000000000001,71.23378676470588,-0.20849264705883286,58.79,-7.634999999999998,7.180000000000001,-2.2399999999999993,MODEL_INFERRED,SCENARIO_GENERATION,USER_REVIEW_REQUIRED
CAZ_CL_HIGH,CAZ typical clearance +20%,R1,0–30,0.625,12,FR2024_OXA484_SERINE_ONLY,"French OXA-484 Enterobacterales, serine-only",97.00983333333333,74.22,73.94633333333333,-0.1430000000000149,58.79,-7.634999999999998,7.180000000000001,-2.2399999999999993,MODEL_INFERRED,SCENARIO_GENERATION,USER_REVIEW_REQUIRED
CAZ_CL_HIGH,CAZ typical clearance +20%,R8,31–60,2.5,12,LEE2022_KPC_KP,"KPC-like CR-K. pneumoniae, ATLAS 2020",97.42204485488126,89.22500000000001,88.0021240105541,-0.4106992084432619,84.815,-3.1700000000000017,5.57,-4.049999999999999,MODEL_INFERRED,SCENARIO_GENERATION,USER_REVIEW_REQUIRED
CAZ_CL_HIGH,CAZ typical clearance +20%,R8,31–60,2.5,12,LEE2022_OXA_KP,"OXA-like CR-K. pneumoniae, ATLAS 2020",97.85,89.22500000000001,87.81656779661017,-0.13828389830509025,84.815,-3.1700000000000017,5.57,-4.049999999999999,MODEL_INFERRED,SCENARIO_GENERATION,USER_REVIEW_REQUIRED
CAZ_CL_HIGH,CAZ typical clearance +20%,R8,31–60,2.5,12,INDIA2022_OXA48_KP,"OXA-48-like CR-K. pneumoniae, India",95.85911764705881,89.22500000000001,85.86694852941177,-0.09643382352940932,84.815,-3.1700000000000017,5.57,-4.049999999999999,MODEL_INFERRED,SCENARIO_GENERATION,USER_REVIEW_REQUIRED
CAZ_CL_HIGH,CAZ typical clearance +20%,R8,31–60,2.5,12,FR2024_OXA484_SERINE_ONLY,"French OXA-484 Enterobacterales, serine-only",99.54924999999999,89.22499999999998,89.15074999999999,-0.05358333333332155,84.815,-3.1700000000000017,5.57,-4.049999999999999,MODEL_INFERRED,SCENARIO_GENERATION,USER_REVIEW_REQUIRED
CAZ_CL_HIGH,CAZ typical clearance +20%,R10,61–90,2.5,8,LEE2022_KPC_KP,"KPC-like CR-K. pneumoniae, ATLAS 2020",97.68405013192613,88.14,87.08695250659632,-0.34220316622690916,85.135,-2.3999999999999915,6.21,-4.454999999999999,MODEL_INFERRED,SCENARIO_GENERATION,USER_REVIEW_REQUIRED
CAZ_CL_HIGH,CAZ typical clearance +20%,R10,61–90,2.5,8,LEE2022_OXA_KP,"OXA-like CR-K. pneumoniae, ATLAS 2020",97.9776271186441,88.14000000000003,86.79995762711866,-0.11707627118643416,85.135,-2.3999999999999915,6.21,-4.454999999999999,MODEL_INFERRED,SCENARIO_GENERATION,USER_REVIEW_REQUIRED
CAZ_CL_HIGH,CAZ typical clearance +20%,R10,61–90,2.5,8,INDIA2022_OXA48_KP,"OXA-48-like CR-K. pneumoniae, India",95.94238970588235,88.13999999999999,84.85867647058824,-0.08091911764705628,85.135,-2.3999999999999915,6.21,-4.454999999999999,MODEL_INFERRED,SCENARIO_GENERATION,USER_REVIEW_REQUIRED
CAZ_CL_HIGH,CAZ typical clearance +20%,R10,61–90,2.5,8,FR2024_OXA484_SERINE_ONLY,"French OXA-484 Enterobacterales, serine-only",99.62616666666666,88.14,88.08991666666667,-0.04000000000000625,85.135,-2.3999999999999915,6.21,-4.454999999999999,MODEL_INFERRED,SCENARIO_GENERATION,USER_REVIEW_REQUIRED
CAZ_CL_HIGH,CAZ typical clearance +20%,R12,91–120,2.5,6,LEE2022_KPC_KP,"KPC-like CR-K. pneumoniae, ATLAS 2020",97.99349604221636,88.14,87.22279683377309,-0.26792875989445974,86.215,-1.5450000000000017,7.074999999999999,-4.745000000000001,MODEL_INFERRED,SCENARIO_GENERATION,USER_REVIEW_REQUIRED
CAZ_CL_HIGH,CAZ typical clearance +20%,R12,91–120,2.5,6,LEE2022_OXA_KP,"OXA-like CR-K. pneumoniae, ATLAS 2020",98.1303813559322,88.14000000000003,86.84512711864407,-0.09434322033898468,86.215,-1.5450000000000017,7.074999999999999,-4.745000000000001,MODEL_INFERRED,SCENARIO_GENERATION,USER_REVIEW_REQUIRED
CAZ_CL_HIGH,CAZ typical clearance +20%,R12,91–120,2.5,6,INDIA2022_OXA48_KP,"OXA-48-like CR-K. pneumoniae, India",96.04033088235295,88.13999999999999,84.88735294117647,-0.06323529411764639,86.215,-1.5450000000000017,7.074999999999999,-4.745000000000001,MODEL_INFERRED,SCENARIO_GENERATION,USER_REVIEW_REQUIRED
CAZ_CL_HIGH,CAZ typical clearance +20%,R12,91–120,2.5,6,FR2024_OXA484_SERINE_ONLY,"French OXA-484 Enterobacterales, serine-only",99.71616666666667,88.14,88.10791666666667,-0.02575000000000216,86.215,-1.5450000000000017,7.074999999999999,-4.745000000000001,MODEL_INFERRED,SCENARIO_GENERATION,USER_REVIEW_REQUIRED
CAZ_CL_HIGH,CAZ typical clearance +20%,R13,121–150,2.5,6,LEE2022_KPC_KP,"KPC-like CR-K. pneumoniae, ATLAS 2020",97.08920844327177,80.39999999999998,79.44467018469658,-0.2924802110817808,78.145,-1.8700000000000045,3.7900000000000005,-3.2549999999999994,MODEL_INFERRED,SCENARIO_GENERATION,USER_REVIEW_REQUIRED
CAZ_CL_HIGH,CAZ typical clearance +20%,R13,121–150,2.5,6,LEE2022_OXA_KP,"OXA-like CR-K. pneumoniae, ATLAS 2020",97.70923728813558,80.4,79.17629237288135,-0.09885593220340638,78.145,-1.8700000000000045,3.7900000000000005,-3.2549999999999994,MODEL_INFERRED,SCENARIO_GENERATION,USER_REVIEW_REQUIRED
CAZ_CL_HIGH,CAZ typical clearance +20%,R13,121–150,2.5,6,INDIA2022_OXA48_KP,"OXA-48-like CR-K. pneumoniae, India",95.76948529411764,80.40000000000003,77.40823529411766,-0.054742647058830585,78.145,-1.8700000000000045,3.7900000000000005,-3.2549999999999994,MODEL_INFERRED,SCENARIO_GENERATION,USER_REVIEW_REQUIRED
CAZ_CL_HIGH,CAZ typical clearance +20%,R13,121–150,2.5,6,FR2024_OXA484_SERINE_ONLY,"French OXA-484 Enterobacterales, serine-only",99.46674999999999,80.4,80.36241666666668,-0.0311666666666639,78.145,-1.8700000000000045,3.7900000000000005,-3.2549999999999994,MODEL_INFERRED,SCENARIO_GENERATION,USER_REVIEW_REQUIRED
AVI_CL_LOW,AVI typical clearance −20%,R1,0–30,0.625,12,LEE2022_KPC_KP,"KPC-like CR-K. pneumoniae, ATLAS 2020",93.65485488126649,82.08500000000001,79.95572559366754,7.151596306068598,67.65,1.2250000000000085,9.42,0,MODEL_INFERRED,SCENARIO_GENERATION,USER_REVIEW_REQUIRED
AVI_CL_LOW,AVI typical clearance −20%,R1,0–30,0.625,12,LEE2022_OXA_KP,"OXA-like CR-K. pneumoniae, ATLAS 2020",95.5652966101695,82.08500000000001,80.49364406779661,7.540635593220344,67.65,1.2250000000000085,9.42,0,MODEL_INFERRED,SCENARIO_GENERATION,USER_REVIEW_REQUIRED
AVI_CL_LOW,AVI typical clearance −20%,R1,0–30,0.625,12,INDIA2022_OXA48_KP,"OXA-48-like CR-K. pneumoniae, India",94.45033088235294,82.085,78.86007352941178,7.4177941176470625,67.65,1.2250000000000085,9.42,0,MODEL_INFERRED,SCENARIO_GENERATION,USER_REVIEW_REQUIRED
AVI_CL_LOW,AVI typical clearance −20%,R1,0–30,0.625,12,FR2024_OXA484_SERINE_ONLY,"French OXA-484 Enterobacterales, serine-only",98.06408333333334,82.08499999999998,81.82791666666665,7.73858333333331,67.65,1.2250000000000085,9.42,0,MODEL_INFERRED,SCENARIO_GENERATION,USER_REVIEW_REQUIRED
AVI_CL_LOW,AVI typical clearance −20%,R8,31–60,2.5,12,LEE2022_KPC_KP,"KPC-like CR-K. pneumoniae, ATLAS 2020",98.2425857519789,94.21000000000001,93.13389182058047,4.721068601583113,90.81,2.825000000000003,9.62,0,MODEL_INFERRED,SCENARIO_GENERATION,USER_REVIEW_REQUIRED
AVI_CL_LOW,AVI typical clearance −20%,R8,31–60,2.5,12,LEE2022_OXA_KP,"OXA-like CR-K. pneumoniae, ATLAS 2020",98.22625000000002,94.21000000000001,92.79834745762714,4.843495762711882,90.81,2.825000000000003,9.62,0,MODEL_INFERRED,SCENARIO_GENERATION,USER_REVIEW_REQUIRED
AVI_CL_LOW,AVI typical clearance −20%,R8,31–60,2.5,12,INDIA2022_OXA48_KP,"OXA-48-like CR-K. pneumoniae, India",96.11161764705881,94.21000000000001,90.71636029411765,4.752977941176468,90.81,2.825000000000003,9.62,0,MODEL_INFERRED,SCENARIO_GENERATION,USER_REVIEW_REQUIRED
AVI_CL_LOW,AVI typical clearance −20%,R8,31–60,2.5,12,FR2024_OXA484_SERINE_ONLY,"French OXA-484 Enterobacterales, serine-only",99.76208333333334,94.21000000000002,94.15183333333334,4.9475000000000335,90.81,2.825000000000003,9.62,0,MODEL_INFERRED,SCENARIO_GENERATION,USER_REVIEW_REQUIRED
AVI_CL_LOW,AVI typical clearance −20%,R10,61–90,2.5,8,LEE2022_KPC_KP,"KPC-like CR-K. pneumoniae, ATLAS 2020",98.4327308707124,93.43500000000003,92.52233509234831,5.093179419525086,91.43,3.8950000000000102,10.665,0,MODEL_INFERRED,SCENARIO_GENERATION,USER_REVIEW_REQUIRED
AVI_CL_LOW,AVI typical clearance −20%,R10,61–90,2.5,8,LEE2022_OXA_KP,"OXA-like CR-K. pneumoniae, ATLAS 2020",98.30724576271186,93.43500000000002,92.08677966101695,5.169745762711855,91.43,3.8950000000000102,10.665,0,MODEL_INFERRED,SCENARIO_GENERATION,USER_REVIEW_REQUIRED
AVI_CL_LOW,AVI typical clearance −20%,R10,61–90,2.5,8,INDIA2022_OXA48_KP,"OXA-48-like CR-K. pneumoniae, India",96.16680147058821,93.435,90.00904411764705,5.069448529411758,91.43,3.8950000000000102,10.665,0,MODEL_INFERRED,SCENARIO_GENERATION,USER_REVIEW_REQUIRED
AVI_CL_LOW,AVI typical clearance −20%,R10,61–90,2.5,8,FR2024_OXA484_SERINE_ONLY,"French OXA-484 Enterobacterales, serine-only",99.80858333333335,93.435,93.40158333333333,5.271666666666661,91.43,3.8950000000000102,10.665,0,MODEL_INFERRED,SCENARIO_GENERATION,USER_REVIEW_REQUIRED
AVI_CL_LOW,AVI typical clearance −20%,R12,91–120,2.5,6,LEE2022_KPC_KP,"KPC-like CR-K. pneumoniae, ATLAS 2020",98.59763852242745,93.47500000000001,92.66316622691294,5.172440633245387,92.16499999999999,4.404999999999987,11.82,0,MODEL_INFERRED,SCENARIO_GENERATION,USER_REVIEW_REQUIRED
AVI_CL_LOW,AVI typical clearance −20%,R12,91–120,2.5,6,LEE2022_OXA_KP,"OXA-like CR-K. pneumoniae, ATLAS 2020",98.37855932203391,93.47500000000001,92.1605720338983,5.221101694915248,92.16499999999999,4.404999999999987,11.82,0,MODEL_INFERRED,SCENARIO_GENERATION,USER_REVIEW_REQUIRED
AVI_CL_LOW,AVI typical clearance −20%,R12,91–120,2.5,6,INDIA2022_OXA48_KP,"OXA-48-like CR-K. pneumoniae, India",96.21154411764707,93.47500000000001,90.06893382352942,5.1183455882353,92.16499999999999,4.404999999999987,11.82,0,MODEL_INFERRED,SCENARIO_GENERATION,USER_REVIEW_REQUIRED
AVI_CL_LOW,AVI typical clearance −20%,R12,91–120,2.5,6,FR2024_OXA484_SERINE_ONLY,"French OXA-484 Enterobacterales, serine-only",99.84516666666667,93.475,93.45316666666666,5.319499999999991,92.16499999999999,4.404999999999987,11.82,0,MODEL_INFERRED,SCENARIO_GENERATION,USER_REVIEW_REQUIRED
AVI_CL_LOW,AVI typical clearance −20%,R13,121–150,2.5,6,LEE2022_KPC_KP,"KPC-like CR-K. pneumoniae, ATLAS 2020",98.02172823218997,88.23000000000002,87.33522427440633,7.598073878627972,86.555,6.540000000000006,7.045,0,MODEL_INFERRED,SCENARIO_GENERATION,USER_REVIEW_REQUIRED
AVI_CL_LOW,AVI typical clearance −20%,R13,121–150,2.5,6,LEE2022_OXA_KP,"OXA-like CR-K. pneumoniae, ATLAS 2020",98.12555084745763,88.23,86.94002118644066,7.664872881355905,86.555,6.540000000000006,7.045,0,MODEL_INFERRED,SCENARIO_GENERATION,USER_REVIEW_REQUIRED
AVI_CL_LOW,AVI typical clearance −20%,R13,121–150,2.5,6,INDIA2022_OXA48_KP,"OXA-48-like CR-K. pneumoniae, India",96.03632352941177,88.23000000000002,84.97665441176471,7.513676470588223,86.555,6.540000000000006,7.045,0,MODEL_INFERRED,SCENARIO_GENERATION,USER_REVIEW_REQUIRED
AVI_CL_LOW,AVI typical clearance −20%,R13,121–150,2.5,6,FR2024_OXA484_SERINE_ONLY,"French OXA-484 Enterobacterales, serine-only",99.71316666666667,88.23,88.20208333333333,7.808499999999995,86.555,6.540000000000006,7.045,0,MODEL_INFERRED,SCENARIO_GENERATION,USER_REVIEW_REQUIRED
AVI_CL_HIGH,AVI typical clearance +20%,R1,0–30,0.625,12,LEE2022_KPC_KP,"KPC-like CR-K. pneumoniae, ATLAS 2020",93.65485488126649,67.125,66.17234828496042,-6.631781002638519,63.470000000000006,-2.954999999999991,9.42,0,MODEL_INFERRED,SCENARIO_GENERATION,USER_REVIEW_REQUIRED
AVI_CL_HIGH,AVI typical clearance +20%,R1,0–30,0.625,12,LEE2022_OXA_KP,"OXA-like CR-K. pneumoniae, ATLAS 2020",95.5652966101695,67.125,66.08457627118645,-6.8684322033898155,63.470000000000006,-2.954999999999991,9.42,0,MODEL_INFERRED,SCENARIO_GENERATION,USER_REVIEW_REQUIRED
AVI_CL_HIGH,AVI typical clearance +20%,R1,0–30,0.625,12,INDIA2022_OXA48_KP,"OXA-48-like CR-K. pneumoniae, India",94.45033088235294,67.125,64.7,-6.742279411764713,63.470000000000006,-2.954999999999991,9.42,0,MODEL_INFERRED,SCENARIO_GENERATION,USER_REVIEW_REQUIRED
AVI_CL_HIGH,AVI typical clearance +20%,R1,0–30,0.625,12,FR2024_OXA484_SERINE_ONLY,"French OXA-484 Enterobacterales, serine-only",98.06408333333334,67.125,67.06408333333333,-7.025250000000014,63.470000000000006,-2.954999999999991,9.42,0,MODEL_INFERRED,SCENARIO_GENERATION,USER_REVIEW_REQUIRED
AVI_CL_HIGH,AVI typical clearance +20%,R8,31–60,2.5,12,LEE2022_KPC_KP,"KPC-like CR-K. pneumoniae, ATLAS 2020",98.2425857519789,83.82000000000001,83.16320580474932,-5.249617414248036,83.42,-4.564999999999998,9.62,0,MODEL_INFERRED,SCENARIO_GENERATION,USER_REVIEW_REQUIRED
AVI_CL_HIGH,AVI typical clearance +20%,R8,31–60,2.5,12,LEE2022_OXA_KP,"OXA-like CR-K. pneumoniae, ATLAS 2020",98.22625000000002,83.82000000000001,82.66237288135594,-5.2924788135593275,83.42,-4.564999999999998,9.62,0,MODEL_INFERRED,SCENARIO_GENERATION,USER_REVIEW_REQUIRED
AVI_CL_HIGH,AVI typical clearance +20%,R8,31–60,2.5,12,INDIA2022_OXA48_KP,"OXA-48-like CR-K. pneumoniae, India",96.11161764705881,83.82,80.775625,-5.187757352941176,83.42,-4.564999999999998,9.62,0,MODEL_INFERRED,SCENARIO_GENERATION,USER_REVIEW_REQUIRED
AVI_CL_HIGH,AVI typical clearance +20%,R8,31–60,2.5,12,FR2024_OXA484_SERINE_ONLY,"French OXA-484 Enterobacterales, serine-only",99.76208333333334,83.82,83.81333333333332,-5.390999999999991,83.42,-4.564999999999998,9.62,0,MODEL_INFERRED,SCENARIO_GENERATION,USER_REVIEW_REQUIRED
AVI_CL_HIGH,AVI typical clearance +20%,R10,61–90,2.5,8,LEE2022_KPC_KP,"KPC-like CR-K. pneumoniae, ATLAS 2020",98.4327308707124,82.405,81.8215171503958,-5.607638522427422,82.255,-5.280000000000001,10.665,0,MODEL_INFERRED,SCENARIO_GENERATION,USER_REVIEW_REQUIRED
AVI_CL_HIGH,AVI typical clearance +20%,R10,61–90,2.5,8,LEE2022_OXA_KP,"OXA-like CR-K. pneumoniae, ATLAS 2020",98.30724576271186,82.40499999999999,81.29006355932202,-5.626970338983071,82.255,-5.280000000000001,10.665,0,MODEL_INFERRED,SCENARIO_GENERATION,USER_REVIEW_REQUIRED
AVI_CL_HIGH,AVI typical clearance +20%,R10,61–90,2.5,8,INDIA2022_OXA48_KP,"OXA-48-like CR-K. pneumoniae, India",96.16680147058821,82.405,79.42547794117647,-5.514117647058825,82.255,-5.280000000000001,10.665,0,MODEL_INFERRED,SCENARIO_GENERATION,USER_REVIEW_REQUIRED
AVI_CL_HIGH,AVI typical clearance +20%,R10,61–90,2.5,8,FR2024_OXA484_SERINE_ONLY,"French OXA-484 Enterobacterales, serine-only",99.80858333333335,82.405,82.4025,-5.72741666666667,82.255,-5.280000000000001,10.665,0,MODEL_INFERRED,SCENARIO_GENERATION,USER_REVIEW_REQUIRED
AVI_CL_HIGH,AVI typical clearance +20%,R12,91–120,2.5,6,LEE2022_KPC_KP,"KPC-like CR-K. pneumoniae, ATLAS 2020",98.59763852242745,81.88499999999999,81.3546437994723,-6.136081794195249,81.8,-5.960000000000008,11.82,0,MODEL_INFERRED,SCENARIO_GENERATION,USER_REVIEW_REQUIRED
AVI_CL_HIGH,AVI typical clearance +20%,R12,91–120,2.5,6,LEE2022_OXA_KP,"OXA-like CR-K. pneumoniae, ATLAS 2020",98.37855932203391,81.88499999999999,80.79597457627116,-6.143495762711893,81.8,-5.960000000000008,11.82,0,MODEL_INFERRED,SCENARIO_GENERATION,USER_REVIEW_REQUIRED
AVI_CL_HIGH,AVI typical clearance +20%,R12,91–120,2.5,6,INDIA2022_OXA48_KP,"OXA-48-like CR-K. pneumoniae, India",96.21154411764707,81.885,78.9320588235294,-6.0185294117647175,81.8,-5.960000000000008,11.82,0,MODEL_INFERRED,SCENARIO_GENERATION,USER_REVIEW_REQUIRED
AVI_CL_HIGH,AVI typical clearance +20%,R12,91–120,2.5,6,FR2024_OXA484_SERINE_ONLY,"French OXA-484 Enterobacterales, serine-only",99.84516666666667,81.88499999999999,81.88358333333332,-6.25008333333335,81.8,-5.960000000000008,11.82,0,MODEL_INFERRED,SCENARIO_GENERATION,USER_REVIEW_REQUIRED
AVI_CL_HIGH,AVI typical clearance +20%,R13,121–150,2.5,6,LEE2022_KPC_KP,"KPC-like CR-K. pneumoniae, ATLAS 2020",98.02172823218997,72.21000000000001,71.6961741424802,-8.040976253298155,72.13000000000001,-7.884999999999991,7.045,0,MODEL_INFERRED,SCENARIO_GENERATION,USER_REVIEW_REQUIRED
AVI_CL_HIGH,AVI typical clearance +20%,R13,121–150,2.5,6,LEE2022_OXA_KP,"OXA-like CR-K. pneumoniae, ATLAS 2020",98.12555084745763,72.21000000000001,71.22915254237287,-8.045995762711883,72.13000000000001,-7.884999999999991,7.045,0,MODEL_INFERRED,SCENARIO_GENERATION,USER_REVIEW_REQUIRED
AVI_CL_HIGH,AVI typical clearance +20%,R13,121–150,2.5,6,INDIA2022_OXA48_KP,"OXA-48-like CR-K. pneumoniae, India",96.03632352941177,72.21000000000001,69.58080882352942,-7.8821691176470665,72.13000000000001,-7.884999999999991,7.045,0,MODEL_INFERRED,SCENARIO_GENERATION,USER_REVIEW_REQUIRED
AVI_CL_HIGH,AVI typical clearance +20%,R13,121–150,2.5,6,FR2024_OXA484_SERINE_ONLY,"French OXA-484 Enterobacterales, serine-only",99.71316666666667,72.21,72.20866666666666,-8.18491666666668,72.13000000000001,-7.884999999999991,7.045,0,MODEL_INFERRED,SCENARIO_GENERATION,USER_REVIEW_REQUIRED
IIV_LOW,Both IIV SDs −20%,R1,0–30,0.625,12,LEE2022_KPC_KP,"KPC-like CR-K. pneumoniae, ATLAS 2020",94.82230870712402,76.63499999999999,75.13470976253299,2.3305804749340524,68.62,2.1950000000000074,8.035,-1.3849999999999998,MODEL_INFERRED,SCENARIO_GENERATION,USER_REVIEW_REQUIRED
IIV_LOW,Both IIV SDs −20%,R1,0–30,0.625,12,LEE2022_OXA_KP,"OXA-like CR-K. pneumoniae, ATLAS 2020",96.54555084745765,76.63499999999999,75.30745762711865,2.3544491525423865,68.62,2.1950000000000074,8.035,-1.3849999999999998,MODEL_INFERRED,SCENARIO_GENERATION,USER_REVIEW_REQUIRED
IIV_LOW,Both IIV SDs −20%,R1,0–30,0.625,12,INDIA2022_OXA48_KP,"OXA-48-like CR-K. pneumoniae, India",95.10669117647058,76.63499999999998,73.74687499999997,2.3045955882352587,68.62,2.1950000000000074,8.035,-1.3849999999999998,MODEL_INFERRED,SCENARIO_GENERATION,USER_REVIEW_REQUIRED
IIV_LOW,Both IIV SDs −20%,R1,0–30,0.625,12,FR2024_OXA484_SERINE_ONLY,"French OXA-484 Enterobacterales, serine-only",98.69575,76.63499999999998,76.50141666666664,2.4120833333332996,68.62,2.1950000000000074,8.035,-1.3849999999999998,MODEL_INFERRED,SCENARIO_GENERATION,USER_REVIEW_REQUIRED
IIV_LOW,Both IIV SDs −20%,R8,31–60,2.5,12,LEE2022_KPC_KP,"KPC-like CR-K. pneumoniae, ATLAS 2020",98.74441952506595,93.82499999999999,92.9925857519789,4.579762532981533,93.05499999999999,5.069999999999993,5.36,-4.259999999999999,MODEL_INFERRED,SCENARIO_GENERATION,USER_REVIEW_REQUIRED
IIV_LOW,Both IIV SDs −20%,R8,31–60,2.5,12,LEE2022_OXA_KP,"OXA-like CR-K. pneumoniae, ATLAS 2020",98.44843220338984,93.82500000000002,92.4898093220339,4.534957627118644,93.05499999999999,5.069999999999993,5.36,-4.259999999999999,MODEL_INFERRED,SCENARIO_GENERATION,USER_REVIEW_REQUIRED
IIV_LOW,Both IIV SDs −20%,R8,31–60,2.5,12,INDIA2022_OXA48_KP,"OXA-48-like CR-K. pneumoniae, India",96.23055147058824,93.82499999999997,90.37180147058822,4.408419117647043,93.05499999999999,5.069999999999993,5.36,-4.259999999999999,MODEL_INFERRED,SCENARIO_GENERATION,USER_REVIEW_REQUIRED
IIV_LOW,Both IIV SDs −20%,R8,31–60,2.5,12,FR2024_OXA484_SERINE_ONLY,"French OXA-484 Enterobacterales, serine-only",99.91275000000002,93.825,93.81216666666667,4.60783333333336,93.05499999999999,5.069999999999993,5.36,-4.259999999999999,MODEL_INFERRED,SCENARIO_GENERATION,USER_REVIEW_REQUIRED
IIV_LOW,Both IIV SDs −20%,R10,61–90,2.5,8,LEE2022_KPC_KP,"KPC-like CR-K. pneumoniae, ATLAS 2020",98.88410290237466,93.02499999999999,92.29047493403695,4.861319261213723,92.78,5.2450000000000045,6.0600000000000005,-4.604999999999999,MODEL_INFERRED,SCENARIO_GENERATION,USER_REVIEW_REQUIRED
IIV_LOW,Both IIV SDs −20%,R10,61–90,2.5,8,LEE2022_OXA_KP,"OXA-like CR-K. pneumoniae, ATLAS 2020",98.49745762711866,93.025,91.73207627118643,4.8150423728813365,92.78,5.2450000000000045,6.0600000000000005,-4.604999999999999,MODEL_INFERRED,SCENARIO_GENERATION,USER_REVIEW_REQUIRED
IIV_LOW,Both IIV SDs −20%,R10,61–90,2.5,8,INDIA2022_OXA48_KP,"OXA-48-like CR-K. pneumoniae, India",96.26088235294118,93.025,89.61610294117648,4.6765073529411865,92.78,5.2450000000000045,6.0600000000000005,-4.604999999999999,MODEL_INFERRED,SCENARIO_GENERATION,USER_REVIEW_REQUIRED
IIV_LOW,Both IIV SDs −20%,R10,61–90,2.5,8,FR2024_OXA484_SERINE_ONLY,"French OXA-484 Enterobacterales, serine-only",99.93516666666667,93.025,93.02091666666668,4.891000000000005,92.78,5.2450000000000045,6.0600000000000005,-4.604999999999999,MODEL_INFERRED,SCENARIO_GENERATION,USER_REVIEW_REQUIRED
IIV_LOW,Both IIV SDs −20%,R12,91–120,2.5,6,LEE2022_KPC_KP,"KPC-like CR-K. pneumoniae, ATLAS 2020",99.01861477572558,93.01499999999999,92.3403957783641,4.849670184696549,92.89500000000001,5.135000000000005,7.1499999999999995,-4.670000000000001,MODEL_INFERRED,SCENARIO_GENERATION,USER_REVIEW_REQUIRED
IIV_LOW,Both IIV SDs −20%,R12,91–120,2.5,6,LEE2022_OXA_KP,"OXA-like CR-K. pneumoniae, ATLAS 2020",98.54735169491528,93.015,91.74372881355934,4.804258474576287,92.89500000000001,5.135000000000005,7.1499999999999995,-4.670000000000001,MODEL_INFERRED,SCENARIO_GENERATION,USER_REVIEW_REQUIRED
IIV_LOW,Both IIV SDs −20%,R12,91–120,2.5,6,INDIA2022_OXA48_KP,"OXA-48-like CR-K. pneumoniae, India",96.2879411764706,93.01499999999999,89.6122426470588,4.661654411764687,92.89500000000001,5.135000000000005,7.1499999999999995,-4.670000000000001,MODEL_INFERRED,SCENARIO_GENERATION,USER_REVIEW_REQUIRED
IIV_LOW,Both IIV SDs −20%,R12,91–120,2.5,6,FR2024_OXA484_SERINE_ONLY,"French OXA-484 Enterobacterales, serine-only",99.95633333333333,93.01500000000001,93.013,4.879333333333335,92.89500000000001,5.135000000000005,7.1499999999999995,-4.670000000000001,MODEL_INFERRED,SCENARIO_GENERATION,USER_REVIEW_REQUIRED
IIV_LOW,Both IIV SDs −20%,R13,121–150,2.5,6,LEE2022_KPC_KP,"KPC-like CR-K. pneumoniae, ATLAS 2020",98.56893139841691,85.88500000000002,85.16320580474937,5.42605540897101,85.76,5.7450000000000045,3.2199999999999998,-3.825,MODEL_INFERRED,SCENARIO_GENERATION,USER_REVIEW_REQUIRED
IIV_LOW,Both IIV SDs −20%,R13,121–150,2.5,6,LEE2022_OXA_KP,"OXA-like CR-K. pneumoniae, ATLAS 2020",98.38523305084748,85.885,84.67610169491526,5.400953389830505,85.76,5.7450000000000045,3.2199999999999998,-3.825,MODEL_INFERRED,SCENARIO_GENERATION,USER_REVIEW_REQUIRED
IIV_LOW,Both IIV SDs −20%,R13,121–150,2.5,6,INDIA2022_OXA48_KP,"OXA-48-like CR-K. pneumoniae, India",96.19466911764707,85.88499999999999,82.73316176470588,5.270183823529393,85.76,5.7450000000000045,3.2199999999999998,-3.825,MODEL_INFERRED,SCENARIO_GENERATION,USER_REVIEW_REQUIRED
IIV_LOW,Both IIV SDs −20%,R13,121–150,2.5,6,FR2024_OXA484_SERINE_ONLY,"French OXA-484 Enterobacterales, serine-only",99.88758333333334,85.885,85.88291666666667,5.4893333333333345,85.76,5.7450000000000045,3.2199999999999998,-3.825,MODEL_INFERRED,SCENARIO_GENERATION,USER_REVIEW_REQUIRED
IIV_HIGH,Both IIV SDs +20%,R1,0–30,0.625,12,LEE2022_KPC_KP,"KPC-like CR-K. pneumoniae, ATLAS 2020",92.27108179419525,72.13000000000002,70.78600263852243,-2.018126649076507,64.645,-1.7800000000000011,10.895000000000001,1.4750000000000014,MODEL_INFERRED,SCENARIO_GENERATION,USER_REVIEW_REQUIRED
IIV_HIGH,Both IIV SDs +20%,R1,0–30,0.625,12,LEE2022_OXA_KP,"OXA-like CR-K. pneumoniae, ATLAS 2020",94.26120762711867,72.13000000000002,70.9092372881356,-2.043771186440665,64.645,-1.7800000000000011,10.895000000000001,1.4750000000000014,MODEL_INFERRED,SCENARIO_GENERATION,USER_REVIEW_REQUIRED
IIV_HIGH,Both IIV SDs +20%,R1,0–30,0.625,12,INDIA2022_OXA48_KP,"OXA-48-like CR-K. pneumoniae, India",93.45926470588235,72.13000000000002,69.45073529411765,-1.9915441176470665,64.645,-1.7800000000000011,10.895000000000001,1.4750000000000014,MODEL_INFERRED,SCENARIO_GENERATION,USER_REVIEW_REQUIRED
IIV_HIGH,Both IIV SDs +20%,R1,0–30,0.625,12,FR2024_OXA484_SERINE_ONLY,"French OXA-484 Enterobacterales, serine-only",97.27325000000002,72.13000000000002,71.9955,-2.093833333333336,64.645,-1.7800000000000011,10.895000000000001,1.4750000000000014,MODEL_INFERRED,SCENARIO_GENERATION,USER_REVIEW_REQUIRED
IIV_HIGH,Both IIV SDs +20%,R8,31–60,2.5,12,LEE2022_KPC_KP,"KPC-like CR-K. pneumoniae, ATLAS 2020",97.5084432717678,85.20000000000003,84.38430079155673,-4.028522427440635,83.275,-4.709999999999994,13.96,4.340000000000002,MODEL_INFERRED,SCENARIO_GENERATION,USER_REVIEW_REQUIRED
IIV_HIGH,Both IIV SDs +20%,R8,31–60,2.5,12,LEE2022_OXA_KP,"OXA-like CR-K. pneumoniae, ATLAS 2020",97.8071186440678,85.2,83.98773305084745,-3.96711864406781,83.275,-4.709999999999994,13.96,4.340000000000002,MODEL_INFERRED,SCENARIO_GENERATION,USER_REVIEW_REQUIRED
IIV_HIGH,Both IIV SDs +20%,R8,31–60,2.5,12,INDIA2022_OXA48_KP,"OXA-48-like CR-K. pneumoniae, India",95.87007352941177,85.19999999999999,82.12055147058824,-3.842830882352942,83.275,-4.709999999999994,13.96,4.340000000000002,MODEL_INFERRED,SCENARIO_GENERATION,USER_REVIEW_REQUIRED
IIV_HIGH,Both IIV SDs +20%,R8,31–60,2.5,12,FR2024_OXA484_SERINE_ONLY,"French OXA-484 Enterobacterales, serine-only",99.48233333333333,85.2,85.16791666666667,-4.036416666666639,83.275,-4.709999999999994,13.96,4.340000000000002,MODEL_INFERRED,SCENARIO_GENERATION,USER_REVIEW_REQUIRED
IIV_HIGH,Both IIV SDs +20%,R10,61–90,2.5,8,LEE2022_KPC_KP,"KPC-like CR-K. pneumoniae, ATLAS 2020",97.73121372031662,83.96500000000002,83.25122691292874,-4.177928759894485,82.69,-4.844999999999999,14.99,4.325000000000001,MODEL_INFERRED,SCENARIO_GENERATION,USER_REVIEW_REQUIRED
IIV_HIGH,Both IIV SDs +20%,R10,61–90,2.5,8,LEE2022_OXA_KP,"OXA-like CR-K. pneumoniae, ATLAS 2020",97.92122881355931,83.96500000000002,82.80264830508476,-4.114385593220334,82.69,-4.844999999999999,14.99,4.325000000000001,MODEL_INFERRED,SCENARIO_GENERATION,USER_REVIEW_REQUIRED
IIV_HIGH,Both IIV SDs +20%,R10,61–90,2.5,8,INDIA2022_OXA48_KP,"OXA-48-like CR-K. pneumoniae, India",95.95128676470588,83.96500000000002,80.9569117647059,-3.982683823529399,82.69,-4.844999999999999,14.99,4.325000000000001,MODEL_INFERRED,SCENARIO_GENERATION,USER_REVIEW_REQUIRED
IIV_HIGH,Both IIV SDs +20%,R10,61–90,2.5,8,FR2024_OXA484_SERINE_ONLY,"French OXA-484 Enterobacterales, serine-only",99.54991666666668,83.965,83.94375000000001,-4.186166666666665,82.69,-4.844999999999999,14.99,4.325000000000001,MODEL_INFERRED,SCENARIO_GENERATION,USER_REVIEW_REQUIRED
IIV_HIGH,Both IIV SDs +20%,R12,91–120,2.5,6,LEE2022_KPC_KP,"KPC-like CR-K. pneumoniae, ATLAS 2020",98.03038258575197,83.69,83.06534300791556,-4.42538258575199,83.005,-4.75500000000001,16.259999999999998,4.439999999999998,MODEL_INFERRED,SCENARIO_GENERATION,USER_REVIEW_REQUIRED
IIV_HIGH,Both IIV SDs +20%,R12,91–120,2.5,6,LEE2022_OXA_KP,"OXA-like CR-K. pneumoniae, ATLAS 2020",98.09271186440678,83.69000000000001,82.56313559322035,-4.376334745762705,83.005,-4.75500000000001,16.259999999999998,4.439999999999998,MODEL_INFERRED,SCENARIO_GENERATION,USER_REVIEW_REQUIRED
IIV_HIGH,Both IIV SDs +20%,R12,91–120,2.5,6,INDIA2022_OXA48_KP,"OXA-48-like CR-K. pneumoniae, India",96.06882352941177,83.69,80.71669117647059,-4.23389705882353,83.005,-4.75500000000001,16.259999999999998,4.439999999999998,MODEL_INFERRED,SCENARIO_GENERATION,USER_REVIEW_REQUIRED
IIV_HIGH,Both IIV SDs +20%,R12,91–120,2.5,6,FR2024_OXA484_SERINE_ONLY,"French OXA-484 Enterobacterales, serine-only",99.65158333333333,83.69000000000001,83.67858333333334,-4.455083333333334,83.005,-4.75500000000001,16.259999999999998,4.439999999999998,MODEL_INFERRED,SCENARIO_GENERATION,USER_REVIEW_REQUIRED
IIV_HIGH,Both IIV SDs +20%,R13,121–150,2.5,6,LEE2022_KPC_KP,"KPC-like CR-K. pneumoniae, ATLAS 2020",97.19365435356201,76.105,75.47427440633246,-4.262875989445902,75.32,-4.695000000000007,11.225,4.18,MODEL_INFERRED,SCENARIO_GENERATION,USER_REVIEW_REQUIRED
IIV_HIGH,Both IIV SDs +20%,R13,121–150,2.5,6,LEE2022_OXA_KP,"OXA-like CR-K. pneumoniae, ATLAS 2020",97.63305084745762,76.10500000000002,75.05095338983051,-4.224194915254245,75.32,-4.695000000000007,11.225,4.18,MODEL_INFERRED,SCENARIO_GENERATION,USER_REVIEW_REQUIRED
IIV_HIGH,Both IIV SDs +20%,R13,121–150,2.5,6,INDIA2022_OXA48_KP,"OXA-48-like CR-K. pneumoniae, India",95.74216911764707,76.10499999999999,73.36183823529412,-4.101139705882375,75.32,-4.695000000000007,11.225,4.18,MODEL_INFERRED,SCENARIO_GENERATION,USER_REVIEW_REQUIRED
IIV_HIGH,Both IIV SDs +20%,R13,121–150,2.5,6,FR2024_OXA484_SERINE_ONLY,"French OXA-484 Enterobacterales, serine-only",99.38308333333333,76.105,76.09191666666668,-4.301666666666662,75.32,-4.695000000000007,11.225,4.18,MODEL_INFERRED,SCENARIO_GENERATION,USER_REVIEW_REQUIRED
RHO_050,Random-effect correlation = 0.50,R1,0–30,0.625,12,LEE2022_KPC_KP,"KPC-like CR-K. pneumoniae, ATLAS 2020",93.65485488126649,74.59999999999998,71.98555408970977,-0.8185751978891744,59.675,-6.75,9.42,0,MODEL_INFERRED,SCENARIO_GENERATION,USER_REVIEW_REQUIRED
RHO_050,Random-effect correlation = 0.50,R1,0–30,0.625,12,LEE2022_OXA_KP,"OXA-like CR-K. pneumoniae, ATLAS 2020",95.5652966101695,74.60000000000001,72.66811440677965,-0.2848940677966141,59.675,-6.75,9.42,0,MODEL_INFERRED,SCENARIO_GENERATION,USER_REVIEW_REQUIRED
RHO_050,Random-effect correlation = 0.50,R1,0–30,0.625,12,INDIA2022_OXA48_KP,"OXA-48-like CR-K. pneumoniae, India",94.45033088235294,74.6,71.38654411764705,-0.05573529411766742,59.675,-6.75,9.42,0,MODEL_INFERRED,SCENARIO_GENERATION,USER_REVIEW_REQUIRED
RHO_050,Random-effect correlation = 0.50,R1,0–30,0.625,12,FR2024_OXA484_SERINE_ONLY,"French OXA-484 Enterobacterales, serine-only",98.06408333333334,74.60000000000001,74.026,-0.06333333333334679,59.675,-6.75,9.42,0,MODEL_INFERRED,SCENARIO_GENERATION,USER_REVIEW_REQUIRED
RHO_050,Random-effect correlation = 0.50,R8,31–60,2.5,12,LEE2022_KPC_KP,"KPC-like CR-K. pneumoniae, ATLAS 2020",98.2425857519789,89.47,88.20558047493402,-0.2072427440633362,84.21,-3.7750000000000057,9.62,0,MODEL_INFERRED,SCENARIO_GENERATION,USER_REVIEW_REQUIRED
RHO_050,Random-effect correlation = 0.50,R8,31–60,2.5,12,LEE2022_OXA_KP,"OXA-like CR-K. pneumoniae, ATLAS 2020",98.22625000000002,89.47,88.0188559322034,0.0640042372881311,84.21,-3.7750000000000057,9.62,0,MODEL_INFERRED,SCENARIO_GENERATION,USER_REVIEW_REQUIRED
RHO_050,Random-effect correlation = 0.50,R8,31–60,2.5,12,INDIA2022_OXA48_KP,"OXA-48-like CR-K. pneumoniae, India",96.11161764705881,89.47,86.07753676470588,0.11415441176470154,84.21,-3.7750000000000057,9.62,0,MODEL_INFERRED,SCENARIO_GENERATION,USER_REVIEW_REQUIRED
RHO_050,Random-effect correlation = 0.50,R8,31–60,2.5,12,FR2024_OXA484_SERINE_ONLY,"French OXA-484 Enterobacterales, serine-only",99.76208333333334,89.47000000000001,89.33733333333333,0.133000000000024,84.21,-3.7750000000000057,9.62,0,MODEL_INFERRED,SCENARIO_GENERATION,USER_REVIEW_REQUIRED
RHO_050,Random-effect correlation = 0.50,R10,61–90,2.5,8,LEE2022_KPC_KP,"KPC-like CR-K. pneumoniae, ATLAS 2020",98.4327308707124,88.52499999999999,87.43160949868076,0.0024538258575290683,84.5,-3.0349999999999966,10.665,0,MODEL_INFERRED,SCENARIO_GENERATION,USER_REVIEW_REQUIRED
RHO_050,Random-effect correlation = 0.50,R10,61–90,2.5,8,LEE2022_OXA_KP,"OXA-like CR-K. pneumoniae, ATLAS 2020",98.30724576271186,88.525,87.15245762711861,0.23542372881351525,84.5,-3.0349999999999966,10.665,0,MODEL_INFERRED,SCENARIO_GENERATION,USER_REVIEW_REQUIRED
RHO_050,Random-effect correlation = 0.50,R10,61–90,2.5,8,INDIA2022_OXA48_KP,"OXA-48-like CR-K. pneumoniae, India",96.16680147058821,88.52499999999999,85.21231617647057,0.27272058823527345,84.5,-3.0349999999999966,10.665,0,MODEL_INFERRED,SCENARIO_GENERATION,USER_REVIEW_REQUIRED
RHO_050,Random-effect correlation = 0.50,R10,61–90,2.5,8,FR2024_OXA484_SERINE_ONLY,"French OXA-484 Enterobacterales, serine-only",99.80858333333335,88.52499999999999,88.42716666666666,0.29724999999999113,84.5,-3.0349999999999966,10.665,0,MODEL_INFERRED,SCENARIO_GENERATION,USER_REVIEW_REQUIRED
RHO_050,Random-effect correlation = 0.50,R12,91–120,2.5,6,LEE2022_KPC_KP,"KPC-like CR-K. pneumoniae, ATLAS 2020",98.59763852242745,87.74499999999998,86.77585751978891,-0.7148680738786339,84.375,-3.385000000000005,11.82,0,MODEL_INFERRED,SCENARIO_GENERATION,USER_REVIEW_REQUIRED
RHO_050,Random-effect correlation = 0.50,R12,91–120,2.5,6,LEE2022_OXA_KP,"OXA-like CR-K. pneumoniae, ATLAS 2020",98.37855932203391,87.74499999999999,86.43459745762712,-0.5048728813559364,84.375,-3.385000000000005,11.82,0,MODEL_INFERRED,SCENARIO_GENERATION,USER_REVIEW_REQUIRED
RHO_050,Random-effect correlation = 0.50,R12,91–120,2.5,6,INDIA2022_OXA48_KP,"OXA-48-like CR-K. pneumoniae, India",96.21154411764707,87.74499999999999,84.49172794117646,-0.45886029411765605,84.375,-3.385000000000005,11.82,0,MODEL_INFERRED,SCENARIO_GENERATION,USER_REVIEW_REQUIRED
RHO_050,Random-effect correlation = 0.50,R12,91–120,2.5,6,FR2024_OXA484_SERINE_ONLY,"French OXA-484 Enterobacterales, serine-only",99.84516666666667,87.74499999999999,87.67233333333333,-0.4613333333333429,84.375,-3.385000000000005,11.82,0,MODEL_INFERRED,SCENARIO_GENERATION,USER_REVIEW_REQUIRED
RHO_050,Random-effect correlation = 0.50,R13,121–150,2.5,6,LEE2022_KPC_KP,"KPC-like CR-K. pneumoniae, ATLAS 2020",98.02172823218997,80.60999999999999,79.45488126649076,-0.28226912928759873,75.805,-4.209999999999994,7.045,0,MODEL_INFERRED,SCENARIO_GENERATION,USER_REVIEW_REQUIRED
RHO_050,Random-effect correlation = 0.50,R13,121–150,2.5,6,LEE2022_OXA_KP,"OXA-like CR-K. pneumoniae, ATLAS 2020",98.12555084745763,80.60999999999999,79.30004237288134,0.024894067796580543,75.805,-4.209999999999994,7.045,0,MODEL_INFERRED,SCENARIO_GENERATION,USER_REVIEW_REQUIRED
RHO_050,Random-effect correlation = 0.50,R13,121–150,2.5,6,INDIA2022_OXA48_KP,"OXA-48-like CR-K. pneumoniae, India",96.03632352941177,80.61,77.54279411764705,0.07981617647055828,75.805,-4.209999999999994,7.045,0,MODEL_INFERRED,SCENARIO_GENERATION,USER_REVIEW_REQUIRED
RHO_050,Random-effect correlation = 0.50,R13,121–150,2.5,6,FR2024_OXA484_SERINE_ONLY,"French OXA-484 Enterobacterales, serine-only",99.71316666666667,80.61,80.49616666666667,0.10258333333332814,75.805,-4.209999999999994,7.045,0,MODEL_INFERRED,SCENARIO_GENERATION,USER_REVIEW_REQUIRED
RHO_000,Random-effect correlation = 0,R1,0–30,0.625,12,LEE2022_KPC_KP,"KPC-like CR-K. pneumoniae, ATLAS 2020",93.65485488126649,74.42499999999998,70.55718997361477,-2.2469393139841713,54.574999999999996,-11.850000000000001,9.42,0,MODEL_INFERRED,SCENARIO_GENERATION,USER_REVIEW_REQUIRED
RHO_000,Random-effect correlation = 0,R1,0–30,0.625,12,LEE2022_OXA_KP,"OXA-like CR-K. pneumoniae, ATLAS 2020",95.5652966101695,74.425,71.64817796610168,-1.3048305084745806,54.574999999999996,-11.850000000000001,9.42,0,MODEL_INFERRED,SCENARIO_GENERATION,USER_REVIEW_REQUIRED
RHO_000,Random-effect correlation = 0,R1,0–30,0.625,12,INDIA2022_OXA48_KP,"OXA-48-like CR-K. pneumoniae, India",94.45033088235294,74.425,70.65742647058822,-0.7848529411764957,54.574999999999996,-11.850000000000001,9.42,0,MODEL_INFERRED,SCENARIO_GENERATION,USER_REVIEW_REQUIRED
RHO_000,Random-effect correlation = 0,R1,0–30,0.625,12,FR2024_OXA484_SERINE_ONLY,"French OXA-484 Enterobacterales, serine-only",98.06408333333334,74.42499999999998,73.30758333333333,-0.7817500000000166,54.574999999999996,-11.850000000000001,9.42,0,MODEL_INFERRED,SCENARIO_GENERATION,USER_REVIEW_REQUIRED
RHO_000,Random-effect correlation = 0,R8,31–60,2.5,12,LEE2022_KPC_KP,"KPC-like CR-K. pneumoniae, ATLAS 2020",98.2425857519789,89.55999999999999,88.00085751978892,-0.4119656992084373,82.245,-5.739999999999995,9.62,0,MODEL_INFERRED,SCENARIO_GENERATION,USER_REVIEW_REQUIRED
RHO_000,Random-effect correlation = 0,R8,31–60,2.5,12,LEE2022_OXA_KP,"OXA-like CR-K. pneumoniae, ATLAS 2020",98.22625000000002,89.56000000000002,87.97625000000002,0.021398305084758817,82.245,-5.739999999999995,9.62,0,MODEL_INFERRED,SCENARIO_GENERATION,USER_REVIEW_REQUIRED
RHO_000,Random-effect correlation = 0,R8,31–60,2.5,12,INDIA2022_OXA48_KP,"OXA-48-like CR-K. pneumoniae, India",96.11161764705881,89.55999999999997,86.08128676470588,0.11790441176469812,82.245,-5.739999999999995,9.62,0,MODEL_INFERRED,SCENARIO_GENERATION,USER_REVIEW_REQUIRED
RHO_000,Random-effect correlation = 0,R8,31–60,2.5,12,FR2024_OXA484_SERINE_ONLY,"French OXA-484 Enterobacterales, serine-only",99.76208333333334,89.55999999999999,89.34908333333333,0.14475000000001614,82.245,-5.739999999999995,9.62,0,MODEL_INFERRED,SCENARIO_GENERATION,USER_REVIEW_REQUIRED
RHO_000,Random-effect correlation = 0,R10,61–90,2.5,8,LEE2022_KPC_KP,"KPC-like CR-K. pneumoniae, ATLAS 2020",98.4327308707124,88.85499999999999,87.46660949868075,0.03745382585752566,82.81500000000001,-4.719999999999985,10.665,0,MODEL_INFERRED,SCENARIO_GENERATION,USER_REVIEW_REQUIRED
RHO_000,Random-effect correlation = 0,R10,61–90,2.5,8,LEE2022_OXA_KP,"OXA-like CR-K. pneumoniae, ATLAS 2020",98.30724576271186,88.85499999999998,87.34838983050848,0.4313559322033882,82.81500000000001,-4.719999999999985,10.665,0,MODEL_INFERRED,SCENARIO_GENERATION,USER_REVIEW_REQUIRED
RHO_000,Random-effect correlation = 0,R10,61–90,2.5,8,INDIA2022_OXA48_KP,"OXA-48-like CR-K. pneumoniae, India",96.16680147058821,88.85499999999998,85.44838235294117,0.5087867647058744,82.81500000000001,-4.719999999999985,10.665,0,MODEL_INFERRED,SCENARIO_GENERATION,USER_REVIEW_REQUIRED
RHO_000,Random-effect correlation = 0,R10,61–90,2.5,8,FR2024_OXA484_SERINE_ONLY,"French OXA-484 Enterobacterales, serine-only",99.80858333333335,88.85499999999999,88.68183333333333,0.5519166666666564,82.81500000000001,-4.719999999999985,10.665,0,MODEL_INFERRED,SCENARIO_GENERATION,USER_REVIEW_REQUIRED
RHO_000,Random-effect correlation = 0,R12,91–120,2.5,6,LEE2022_KPC_KP,"KPC-like CR-K. pneumoniae, ATLAS 2020",98.59763852242745,87.885,86.65047493403694,-0.8402506596306125,82.685,-5.075000000000003,11.82,0,MODEL_INFERRED,SCENARIO_GENERATION,USER_REVIEW_REQUIRED
RHO_000,Random-effect correlation = 0,R12,91–120,2.5,6,LEE2022_OXA_KP,"OXA-like CR-K. pneumoniae, ATLAS 2020",98.37855932203391,87.885,86.46004237288138,-0.4794279661016816,82.685,-5.075000000000003,11.82,0,MODEL_INFERRED,SCENARIO_GENERATION,USER_REVIEW_REQUIRED
RHO_000,Random-effect correlation = 0,R12,91–120,2.5,6,INDIA2022_OXA48_KP,"OXA-48-like CR-K. pneumoniae, India",96.21154411764707,87.88499999999999,84.55573529411764,-0.39485294117648095,82.685,-5.075000000000003,11.82,0,MODEL_INFERRED,SCENARIO_GENERATION,USER_REVIEW_REQUIRED
RHO_000,Random-effect correlation = 0,R12,91–120,2.5,6,FR2024_OXA484_SERINE_ONLY,"French OXA-484 Enterobacterales, serine-only",99.84516666666667,87.88499999999999,87.74883333333334,-0.3848333333333329,82.685,-5.075000000000003,11.82,0,MODEL_INFERRED,SCENARIO_GENERATION,USER_REVIEW_REQUIRED
RHO_000,Random-effect correlation = 0,R13,121–150,2.5,6,LEE2022_KPC_KP,"KPC-like CR-K. pneumoniae, ATLAS 2020",98.02172823218997,80.92999999999999,79.3421635883905,-0.39498680738785197,73.24000000000001,-6.7749999999999915,7.045,0,MODEL_INFERRED,SCENARIO_GENERATION,USER_REVIEW_REQUIRED
RHO_000,Random-effect correlation = 0,R13,121–150,2.5,6,LEE2022_OXA_KP,"OXA-like CR-K. pneumoniae, ATLAS 2020",98.12555084745763,80.93,79.41872881355934,0.14358050847458514,73.24000000000001,-6.7749999999999915,7.045,0,MODEL_INFERRED,SCENARIO_GENERATION,USER_REVIEW_REQUIRED
RHO_000,Random-effect correlation = 0,R13,121–150,2.5,6,INDIA2022_OXA48_KP,"OXA-48-like CR-K. pneumoniae, India",96.03632352941177,80.92999999999999,77.72735294117646,0.2643749999999727,73.24000000000001,-6.7749999999999915,7.045,0,MODEL_INFERRED,SCENARIO_GENERATION,USER_REVIEW_REQUIRED
RHO_000,Random-effect correlation = 0,R13,121–150,2.5,6,FR2024_OXA484_SERINE_ONLY,"French OXA-484 Enterobacterales, serine-only",99.71316666666667,80.92999999999999,80.69991666666668,0.3063333333333418,73.24000000000001,-6.7749999999999915,7.045,0,MODEL_INFERRED,SCENARIO_GENERATION,USER_REVIEW_REQUIRED
FU_CAZ_LOW,CAZ unbound fraction = 0.80,R1,0–30,0.625,12,LEE2022_KPC_KP,"KPC-like CR-K. pneumoniae, ATLAS 2020",92.95058047493403,74.22,72.59118733509233,-0.2129419525066112,64.275,-2.1499999999999915,9.42,0,MODEL_INFERRED,SCENARIO_GENERATION,USER_REVIEW_REQUIRED
FU_CAZ_LOW,CAZ unbound fraction = 0.80,R1,0–30,0.625,12,LEE2022_OXA_KP,"OXA-like CR-K. pneumoniae, ATLAS 2020",95.07722457627119,74.22,72.8825,-0.07050847457627185,64.275,-2.1499999999999915,9.42,0,MODEL_INFERRED,SCENARIO_GENERATION,USER_REVIEW_REQUIRED
FU_CAZ_LOW,CAZ unbound fraction = 0.80,R1,0–30,0.625,12,INDIA2022_OXA48_KP,"OXA-48-like CR-K. pneumoniae, India",94.10573529411765,74.22000000000001,71.38213235294118,-0.06014705882353155,64.275,-2.1499999999999915,9.42,0,MODEL_INFERRED,SCENARIO_GENERATION,USER_REVIEW_REQUIRED
FU_CAZ_LOW,CAZ unbound fraction = 0.80,R1,0–30,0.625,12,FR2024_OXA484_SERINE_ONLY,"French OXA-484 Enterobacterales, serine-only",97.76033333333334,74.22,74.052,-0.03733333333333633,64.275,-2.1499999999999915,9.42,0,MODEL_INFERRED,SCENARIO_GENERATION,USER_REVIEW_REQUIRED
FU_CAZ_LOW,CAZ unbound fraction = 0.80,R8,31–60,2.5,12,LEE2022_KPC_KP,"KPC-like CR-K. pneumoniae, ATLAS 2020",97.99525065963063,89.22500000000001,88.29608179419527,-0.11674142480208616,87.165,-0.8199999999999932,9.62,0,MODEL_INFERRED,SCENARIO_GENERATION,USER_REVIEW_REQUIRED
FU_CAZ_LOW,CAZ unbound fraction = 0.80,R8,31–60,2.5,12,LEE2022_OXA_KP,"OXA-like CR-K. pneumoniae, ATLAS 2020",98.11580508474576,89.22500000000001,87.9147033898305,-0.040148305084755975,87.165,-0.8199999999999932,9.62,0,MODEL_INFERRED,SCENARIO_GENERATION,USER_REVIEW_REQUIRED
FU_CAZ_LOW,CAZ unbound fraction = 0.80,R8,31–60,2.5,12,INDIA2022_OXA48_KP,"OXA-48-like CR-K. pneumoniae, India",96.03555147058823,89.22500000000001,85.93507352941177,-0.02830882352941444,87.165,-0.8199999999999932,9.62,0,MODEL_INFERRED,SCENARIO_GENERATION,USER_REVIEW_REQUIRED
FU_CAZ_LOW,CAZ unbound fraction = 0.80,R8,31–60,2.5,12,FR2024_OXA484_SERINE_ONLY,"French OXA-484 Enterobacterales, serine-only",99.70166666666667,89.22499999999998,89.19066666666664,-0.013666666666665606,87.165,-0.8199999999999932,9.62,0,MODEL_INFERRED,SCENARIO_GENERATION,USER_REVIEW_REQUIRED
FU_CAZ_LOW,CAZ unbound fraction = 0.80,R10,61–90,2.5,8,LEE2022_KPC_KP,"KPC-like CR-K. pneumoniae, ATLAS 2020",98.20642480211083,88.14,87.3361741424802,-0.09298153034302459,86.98,-0.5549999999999926,10.665,0,MODEL_INFERRED,SCENARIO_GENERATION,USER_REVIEW_REQUIRED
FU_CAZ_LOW,CAZ unbound fraction = 0.80,R10,61–90,2.5,8,LEE2022_OXA_KP,"OXA-like CR-K. pneumoniae, ATLAS 2020",98.21163135593221,88.14000000000003,86.8839618644068,-0.03307203389829283,86.98,-0.5549999999999926,10.665,0,MODEL_INFERRED,SCENARIO_GENERATION,USER_REVIEW_REQUIRED
FU_CAZ_LOW,CAZ unbound fraction = 0.80,R10,61–90,2.5,8,INDIA2022_OXA48_KP,"OXA-48-like CR-K. pneumoniae, India",96.09856617647058,88.13999999999999,84.91580882352942,-0.02378676470587493,86.98,-0.5549999999999926,10.665,0,MODEL_INFERRED,SCENARIO_GENERATION,USER_REVIEW_REQUIRED
FU_CAZ_LOW,CAZ unbound fraction = 0.80,R10,61–90,2.5,8,FR2024_OXA484_SERINE_ONLY,"French OXA-484 Enterobacterales, serine-only",99.75775,88.14,88.12066666666668,-0.00924999999999443,86.98,-0.5549999999999926,10.665,0,MODEL_INFERRED,SCENARIO_GENERATION,USER_REVIEW_REQUIRED
FU_CAZ_LOW,CAZ unbound fraction = 0.80,R12,91–120,2.5,6,LEE2022_KPC_KP,"KPC-like CR-K. pneumoniae, ATLAS 2020",98.42505277044854,88.14,87.42143799472295,-0.06928759894459802,87.45,-0.3100000000000023,11.82,0,MODEL_INFERRED,SCENARIO_GENERATION,USER_REVIEW_REQUIRED
FU_CAZ_LOW,CAZ unbound fraction = 0.80,R12,91–120,2.5,6,LEE2022_OXA_KP,"OXA-like CR-K. pneumoniae, ATLAS 2020",98.30796610169493,88.14000000000003,86.91375000000002,-0.025720338983035163,87.45,-0.3100000000000023,11.82,0,MODEL_INFERRED,SCENARIO_GENERATION,USER_REVIEW_REQUIRED
FU_CAZ_LOW,CAZ unbound fraction = 0.80,R12,91–120,2.5,6,INDIA2022_OXA48_KP,"OXA-48-like CR-K. pneumoniae, India",96.16143382352942,88.13999999999999,84.93158088235293,-0.019007352941187605,87.45,-0.3100000000000023,11.82,0,MODEL_INFERRED,SCENARIO_GENERATION,USER_REVIEW_REQUIRED
FU_CAZ_LOW,CAZ unbound fraction = 0.80,R12,91–120,2.5,6,FR2024_OXA484_SERINE_ONLY,"French OXA-484 Enterobacterales, serine-only",99.80950000000001,88.14,88.1285,-0.005166666666667652,87.45,-0.3100000000000023,11.82,0,MODEL_INFERRED,SCENARIO_GENERATION,USER_REVIEW_REQUIRED
FU_CAZ_LOW,CAZ unbound fraction = 0.80,R13,121–150,2.5,6,LEE2022_KPC_KP,"KPC-like CR-K. pneumoniae, ATLAS 2020",97.73579155672823,80.39999999999998,79.65771767810025,-0.07943271767810245,79.625,-0.39000000000000057,7.045,0,MODEL_INFERRED,SCENARIO_GENERATION,USER_REVIEW_REQUIRED
FU_CAZ_LOW,CAZ unbound fraction = 0.80,R13,121–150,2.5,6,LEE2022_OXA_KP,"OXA-like CR-K. pneumoniae, ATLAS 2020",97.99718220338983,80.4,79.24766949152544,-0.027478813559312698,79.625,-0.39000000000000057,7.045,0,MODEL_INFERRED,SCENARIO_GENERATION,USER_REVIEW_REQUIRED
FU_CAZ_LOW,CAZ unbound fraction = 0.80,R13,121–150,2.5,6,INDIA2022_OXA48_KP,"OXA-48-like CR-K. pneumoniae, India",95.95566176470587,80.40000000000003,77.449375,-0.013602941176486638,79.625,-0.39000000000000057,7.045,0,MODEL_INFERRED,SCENARIO_GENERATION,USER_REVIEW_REQUIRED
FU_CAZ_LOW,CAZ unbound fraction = 0.80,R13,121–150,2.5,6,FR2024_OXA484_SERINE_ONLY,"French OXA-484 Enterobacterales, serine-only",99.638,80.4,80.38708333333334,-0.006500000000002615,79.625,-0.39000000000000057,7.045,0,MODEL_INFERRED,SCENARIO_GENERATION,USER_REVIEW_REQUIRED
FU_CAZ_HIGH,CAZ unbound fraction = 0.90,R1,0–30,0.625,12,LEE2022_KPC_KP,"KPC-like CR-K. pneumoniae, ATLAS 2020",94.2840765171504,74.22,72.9974142480211,0.1932849604221616,68.34,1.9150000000000063,9.42,0,MODEL_INFERRED,SCENARIO_GENERATION,USER_REVIEW_REQUIRED
FU_CAZ_HIGH,CAZ unbound fraction = 0.90,R1,0–30,0.625,12,LEE2022_OXA_KP,"OXA-like CR-K. pneumoniae, ATLAS 2020",95.97987288135593,74.22,73.01652542372881,0.06351694915254313,68.34,1.9150000000000063,9.42,0,MODEL_INFERRED,SCENARIO_GENERATION,USER_REVIEW_REQUIRED
FU_CAZ_HIGH,CAZ unbound fraction = 0.90,R1,0–30,0.625,12,INDIA2022_OXA48_KP,"OXA-48-like CR-K. pneumoniae, India",94.73426470588235,74.22000000000001,71.49470588235295,0.052426470588230245,68.34,1.9150000000000063,9.42,0,MODEL_INFERRED,SCENARIO_GENERATION,USER_REVIEW_REQUIRED
FU_CAZ_HIGH,CAZ unbound fraction = 0.90,R1,0–30,0.625,12,FR2024_OXA484_SERINE_ONLY,"French OXA-484 Enterobacterales, serine-only",98.32233333333335,74.22,74.122,0.03266666666665685,68.34,1.9150000000000063,9.42,0,MODEL_INFERRED,SCENARIO_GENERATION,USER_REVIEW_REQUIRED
FU_CAZ_HIGH,CAZ unbound fraction = 0.90,R8,31–60,2.5,12,LEE2022_KPC_KP,"KPC-like CR-K. pneumoniae, ATLAS 2020",98.43445910290237,89.22500000000001,88.48616094986808,0.07333773087071904,88.36500000000001,0.38000000000000966,9.62,0,MODEL_INFERRED,SCENARIO_GENERATION,USER_REVIEW_REQUIRED
FU_CAZ_HIGH,CAZ unbound fraction = 0.90,R8,31–60,2.5,12,LEE2022_OXA_KP,"OXA-like CR-K. pneumoniae, ATLAS 2020",98.31148305084747,89.22500000000001,87.98141949152541,0.026567796610152072,88.36500000000001,0.38000000000000966,9.62,0,MODEL_INFERRED,SCENARIO_GENERATION,USER_REVIEW_REQUIRED
FU_CAZ_HIGH,CAZ unbound fraction = 0.90,R8,31–60,2.5,12,INDIA2022_OXA48_KP,"OXA-48-like CR-K. pneumoniae, India",96.16959558823528,89.22500000000001,85.98198529411765,0.01860294117646788,88.36500000000001,0.38000000000000966,9.62,0,MODEL_INFERRED,SCENARIO_GENERATION,USER_REVIEW_REQUIRED
FU_CAZ_HIGH,CAZ unbound fraction = 0.90,R8,31–60,2.5,12,FR2024_OXA484_SERINE_ONLY,"French OXA-484 Enterobacterales, serine-only",99.80816666666666,89.22499999999998,89.21066666666665,0.006333333333344626,88.36500000000001,0.38000000000000966,9.62,0,MODEL_INFERRED,SCENARIO_GENERATION,USER_REVIEW_REQUIRED
FU_CAZ_HIGH,CAZ unbound fraction = 0.90,R10,61–90,2.5,8,LEE2022_KPC_KP,"KPC-like CR-K. pneumoniae, ATLAS 2020",98.6153562005277,88.14,87.49027704485488,0.06112137203164991,87.74,0.2049999999999983,10.665,0,MODEL_INFERRED,SCENARIO_GENERATION,USER_REVIEW_REQUIRED
FU_CAZ_HIGH,CAZ unbound fraction = 0.90,R10,61–90,2.5,8,LEE2022_OXA_KP,"OXA-like CR-K. pneumoniae, ATLAS 2020",98.38756355932205,88.14000000000003,86.94044491525425,0.023411016949154373,87.74,0.2049999999999983,10.665,0,MODEL_INFERRED,SCENARIO_GENERATION,USER_REVIEW_REQUIRED
FU_CAZ_HIGH,CAZ unbound fraction = 0.90,R10,61–90,2.5,8,INDIA2022_OXA48_KP,"OXA-48-like CR-K. pneumoniae, India",96.22180147058822,88.13999999999999,84.95676470588235,0.01716911764705742,87.74,0.2049999999999983,10.665,0,MODEL_INFERRED,SCENARIO_GENERATION,USER_REVIEW_REQUIRED
FU_CAZ_HIGH,CAZ unbound fraction = 0.90,R10,61–90,2.5,8,FR2024_OXA484_SERINE_ONLY,"French OXA-484 Enterobacterales, serine-only",99.85091666666668,88.14,88.13333333333334,0.0034166666666664014,87.74,0.2049999999999983,10.665,0,MODEL_INFERRED,SCENARIO_GENERATION,USER_REVIEW_REQUIRED
FU_CAZ_HIGH,CAZ unbound fraction = 0.90,R12,91–120,2.5,6,LEE2022_KPC_KP,"KPC-like CR-K. pneumoniae, ATLAS 2020",98.74783641160948,88.14,87.5472295514512,0.05650395778364725,87.94,0.1799999999999926,11.82,0,MODEL_INFERRED,SCENARIO_GENERATION,USER_REVIEW_REQUIRED
FU_CAZ_HIGH,CAZ unbound fraction = 0.90,R12,91–120,2.5,6,LEE2022_OXA_KP,"OXA-like CR-K. pneumoniae, ATLAS 2020",98.44000000000003,88.14000000000003,86.96150423728815,0.0220338983050965,87.94,0.1799999999999926,11.82,0,MODEL_INFERRED,SCENARIO_GENERATION,USER_REVIEW_REQUIRED
FU_CAZ_HIGH,CAZ unbound fraction = 0.90,R12,91–120,2.5,6,INDIA2022_OXA48_KP,"OXA-48-like CR-K. pneumoniae, India",96.25683823529411,88.13999999999999,84.96819852941175,0.017610294117631042,87.94,0.1799999999999926,11.82,0,MODEL_INFERRED,SCENARIO_GENERATION,USER_REVIEW_REQUIRED
FU_CAZ_HIGH,CAZ unbound fraction = 0.90,R12,91–120,2.5,6,FR2024_OXA484_SERINE_ONLY,"French OXA-484 Enterobacterales, serine-only",99.87475,88.14,88.13666666666667,0.0030000000000001137,87.94,0.1799999999999926,11.82,0,MODEL_INFERRED,SCENARIO_GENERATION,USER_REVIEW_REQUIRED
FU_CAZ_HIGH,CAZ unbound fraction = 0.90,R13,121–150,2.5,6,LEE2022_KPC_KP,"KPC-like CR-K. pneumoniae, ATLAS 2020",98.2429419525066,80.39999999999998,79.79817941952506,0.061029023746698385,80.215,0.20000000000000284,7.045,0,MODEL_INFERRED,SCENARIO_GENERATION,USER_REVIEW_REQUIRED
FU_CAZ_HIGH,CAZ unbound fraction = 0.90,R13,121–150,2.5,6,LEE2022_OXA_KP,"OXA-like CR-K. pneumoniae, ATLAS 2020",98.22226694915257,80.4,79.29802966101697,0.02288135593221341,80.215,0.20000000000000284,7.045,0,MODEL_INFERRED,SCENARIO_GENERATION,USER_REVIEW_REQUIRED
FU_CAZ_HIGH,CAZ unbound fraction = 0.90,R13,121–150,2.5,6,INDIA2022_OXA48_KP,"OXA-48-like CR-K. pneumoniae, India",96.10033088235294,80.40000000000003,77.4764705882353,0.013492647058811258,80.215,0.20000000000000284,7.045,0,MODEL_INFERRED,SCENARIO_GENERATION,USER_REVIEW_REQUIRED
FU_CAZ_HIGH,CAZ unbound fraction = 0.90,R13,121–150,2.5,6,FR2024_OXA484_SERINE_ONLY,"French OXA-484 Enterobacterales, serine-only",99.76683333333334,80.4,80.39691666666667,0.0033333333333303017,80.215,0.20000000000000284,7.045,0,MODEL_INFERRED,SCENARIO_GENERATION,USER_REVIEW_REQUIRED
FU_AVI_LOW,AVI unbound fraction = 0.87,R1,0–30,0.625,12,LEE2022_KPC_KP,"KPC-like CR-K. pneumoniae, ATLAS 2020",93.65485488126649,72.09999999999998,70.84568601583113,-1.9584432717678055,65.805,-0.6199999999999903,9.42,0,MODEL_INFERRED,SCENARIO_GENERATION,USER_REVIEW_REQUIRED
FU_AVI_LOW,AVI unbound fraction = 0.87,R1,0–30,0.625,12,LEE2022_OXA_KP,"OXA-like CR-K. pneumoniae, ATLAS 2020",95.5652966101695,72.1,70.90813559322034,-2.0448728813559285,65.805,-0.6199999999999903,9.42,0,MODEL_INFERRED,SCENARIO_GENERATION,USER_REVIEW_REQUIRED
FU_AVI_LOW,AVI unbound fraction = 0.87,R1,0–30,0.625,12,INDIA2022_OXA48_KP,"OXA-48-like CR-K. pneumoniae, India",94.45033088235294,72.10000000000001,69.43386029411765,-2.0084191176470654,65.805,-0.6199999999999903,9.42,0,MODEL_INFERRED,SCENARIO_GENERATION,USER_REVIEW_REQUIRED
FU_AVI_LOW,AVI unbound fraction = 0.87,R1,0–30,0.625,12,FR2024_OXA484_SERINE_ONLY,"French OXA-484 Enterobacterales, serine-only",98.06408333333334,72.10000000000001,71.99508333333334,-2.0942500000000024,65.805,-0.6199999999999903,9.42,0,MODEL_INFERRED,SCENARIO_GENERATION,USER_REVIEW_REQUIRED
FU_AVI_LOW,AVI unbound fraction = 0.87,R8,31–60,2.5,12,LEE2022_KPC_KP,"KPC-like CR-K. pneumoniae, ATLAS 2020",98.2425857519789,87.675,86.91427440633245,-1.4985488126649074,86.75500000000001,-1.2299999999999898,9.62,0,MODEL_INFERRED,SCENARIO_GENERATION,USER_REVIEW_REQUIRED
FU_AVI_LOW,AVI unbound fraction = 0.87,R8,31–60,2.5,12,LEE2022_OXA_KP,"OXA-like CR-K. pneumoniae, ATLAS 2020",98.22625000000002,87.675,86.43921610169491,-1.5156355932203525,86.75500000000001,-1.2299999999999898,9.62,0,MODEL_INFERRED,SCENARIO_GENERATION,USER_REVIEW_REQUIRED
FU_AVI_LOW,AVI unbound fraction = 0.87,R8,31–60,2.5,12,INDIA2022_OXA48_KP,"OXA-48-like CR-K. pneumoniae, India",96.11161764705881,87.67500000000001,84.47742647058823,-1.485955882352954,86.75500000000001,-1.2299999999999898,9.62,0,MODEL_INFERRED,SCENARIO_GENERATION,USER_REVIEW_REQUIRED
FU_AVI_LOW,AVI unbound fraction = 0.87,R8,31–60,2.5,12,FR2024_OXA484_SERINE_ONLY,"French OXA-484 Enterobacterales, serine-only",99.76208333333334,87.67500000000001,87.65966666666667,-1.544666666666643,86.75500000000001,-1.2299999999999898,9.62,0,MODEL_INFERRED,SCENARIO_GENERATION,USER_REVIEW_REQUIRED
FU_AVI_LOW,AVI unbound fraction = 0.87,R10,61–90,2.5,8,LEE2022_KPC_KP,"KPC-like CR-K. pneumoniae, ATLAS 2020",98.4327308707124,86.58500000000001,85.9150263852243,-1.5141292875989336,86.175,-1.3599999999999994,10.665,0,MODEL_INFERRED,SCENARIO_GENERATION,USER_REVIEW_REQUIRED
FU_AVI_LOW,AVI unbound fraction = 0.87,R10,61–90,2.5,8,LEE2022_OXA_KP,"OXA-like CR-K. pneumoniae, ATLAS 2020",98.30724576271186,86.58500000000002,85.39326271186442,-1.5237711864406691,86.175,-1.3599999999999994,10.665,0,MODEL_INFERRED,SCENARIO_GENERATION,USER_REVIEW_REQUIRED
FU_AVI_LOW,AVI unbound fraction = 0.87,R10,61–90,2.5,8,INDIA2022_OXA48_KP,"OXA-48-like CR-K. pneumoniae, India",96.16680147058821,86.585,83.4460661764706,-1.4935294117646976,86.175,-1.3599999999999994,10.665,0,MODEL_INFERRED,SCENARIO_GENERATION,USER_REVIEW_REQUIRED
FU_AVI_LOW,AVI unbound fraction = 0.87,R10,61–90,2.5,8,FR2024_OXA484_SERINE_ONLY,"French OXA-484 Enterobacterales, serine-only",99.80858333333335,86.58500000000001,86.57816666666668,-1.5517499999999984,86.175,-1.3599999999999994,10.665,0,MODEL_INFERRED,SCENARIO_GENERATION,USER_REVIEW_REQUIRED
FU_AVI_LOW,AVI unbound fraction = 0.87,R12,91–120,2.5,6,LEE2022_KPC_KP,"KPC-like CR-K. pneumoniae, ATLAS 2020",98.59763852242745,86.31,85.70093667546175,-1.7897889182058009,86.08,-1.6800000000000068,11.82,0,MODEL_INFERRED,SCENARIO_GENERATION,USER_REVIEW_REQUIRED
FU_AVI_LOW,AVI unbound fraction = 0.87,R12,91–120,2.5,6,LEE2022_OXA_KP,"OXA-like CR-K. pneumoniae, ATLAS 2020",98.37855932203391,86.31,85.14372881355932,-1.795741525423736,86.08,-1.6800000000000068,11.82,0,MODEL_INFERRED,SCENARIO_GENERATION,USER_REVIEW_REQUIRED
FU_AVI_LOW,AVI unbound fraction = 0.87,R12,91–120,2.5,6,INDIA2022_OXA48_KP,"OXA-48-like CR-K. pneumoniae, India",96.21154411764707,86.31,83.19117647058825,-1.7594117647058738,86.08,-1.6800000000000068,11.82,0,MODEL_INFERRED,SCENARIO_GENERATION,USER_REVIEW_REQUIRED
FU_AVI_LOW,AVI unbound fraction = 0.87,R12,91–120,2.5,6,FR2024_OXA484_SERINE_ONLY,"French OXA-484 Enterobacterales, serine-only",99.84516666666667,86.31000000000002,86.30616666666668,-1.8274999999999864,86.08,-1.6800000000000068,11.82,0,MODEL_INFERRED,SCENARIO_GENERATION,USER_REVIEW_REQUIRED
FU_AVI_LOW,AVI unbound fraction = 0.87,R13,121–150,2.5,6,LEE2022_KPC_KP,"KPC-like CR-K. pneumoniae, ATLAS 2020",98.02172823218997,77.97500000000001,77.36025065963061,-2.376899736147749,77.715,-2.299999999999997,7.045,0,MODEL_INFERRED,SCENARIO_GENERATION,USER_REVIEW_REQUIRED
FU_AVI_LOW,AVI unbound fraction = 0.87,R13,121–150,2.5,6,LEE2022_OXA_KP,"OXA-like CR-K. pneumoniae, ATLAS 2020",98.12555084745763,77.975,76.89408898305084,-2.38105932203392,77.715,-2.299999999999997,7.045,0,MODEL_INFERRED,SCENARIO_GENERATION,USER_REVIEW_REQUIRED
FU_AVI_LOW,AVI unbound fraction = 0.87,R13,121–150,2.5,6,INDIA2022_OXA48_KP,"OXA-48-like CR-K. pneumoniae, India",96.03632352941177,77.97500000000001,75.12988970588238,-2.333088235294113,77.715,-2.299999999999997,7.045,0,MODEL_INFERRED,SCENARIO_GENERATION,USER_REVIEW_REQUIRED
FU_AVI_LOW,AVI unbound fraction = 0.87,R13,121–150,2.5,6,FR2024_OXA484_SERINE_ONLY,"French OXA-484 Enterobacterales, serine-only",99.71316666666667,77.97500000000001,77.97066666666667,-2.4229166666666657,77.715,-2.299999999999997,7.045,0,MODEL_INFERRED,SCENARIO_GENERATION,USER_REVIEW_REQUIRED
FU_AVI_HIGH,AVI unbound fraction = 0.97,R1,0–30,0.625,12,LEE2022_KPC_KP,"KPC-like CR-K. pneumoniae, ATLAS 2020",93.65485488126649,76.22999999999999,74.6475857519789,1.8434564643799547,66.935,0.5100000000000051,9.42,0,MODEL_INFERRED,SCENARIO_GENERATION,USER_REVIEW_REQUIRED
FU_AVI_HIGH,AVI unbound fraction = 0.97,R1,0–30,0.625,12,LEE2022_OXA_KP,"OXA-like CR-K. pneumoniae, ATLAS 2020",95.5652966101695,76.23,74.88444915254237,1.9314406779661084,66.935,0.5100000000000051,9.42,0,MODEL_INFERRED,SCENARIO_GENERATION,USER_REVIEW_REQUIRED
FU_AVI_HIGH,AVI unbound fraction = 0.97,R1,0–30,0.625,12,INDIA2022_OXA48_KP,"OXA-48-like CR-K. pneumoniae, India",94.45033088235294,76.23000000000002,73.34198529411765,1.899705882352933,66.935,0.5100000000000051,9.42,0,MODEL_INFERRED,SCENARIO_GENERATION,USER_REVIEW_REQUIRED
FU_AVI_HIGH,AVI unbound fraction = 0.97,R1,0–30,0.625,12,FR2024_OXA484_SERINE_ONLY,"French OXA-484 Enterobacterales, serine-only",98.06408333333334,76.23,76.06983333333334,1.9804999999999922,66.935,0.5100000000000051,9.42,0,MODEL_INFERRED,SCENARIO_GENERATION,USER_REVIEW_REQUIRED
FU_AVI_HIGH,AVI unbound fraction = 0.97,R8,31–60,2.5,12,LEE2022_KPC_KP,"KPC-like CR-K. pneumoniae, ATLAS 2020",98.2425857519789,90.56499999999998,89.69831134564643,1.2854881266490708,88.92999999999999,0.9449999999999932,9.62,0,MODEL_INFERRED,SCENARIO_GENERATION,USER_REVIEW_REQUIRED
FU_AVI_HIGH,AVI unbound fraction = 0.97,R8,31–60,2.5,12,LEE2022_OXA_KP,"OXA-like CR-K. pneumoniae, ATLAS 2020",98.22625000000002,90.565,89.2621186440678,1.3072669491525346,88.92999999999999,0.9449999999999932,9.62,0,MODEL_INFERRED,SCENARIO_GENERATION,USER_REVIEW_REQUIRED
FU_AVI_HIGH,AVI unbound fraction = 0.97,R8,31–60,2.5,12,INDIA2022_OXA48_KP,"OXA-48-like CR-K. pneumoniae, India",96.11161764705881,90.565,87.24540441176471,1.2820220588235287,88.92999999999999,0.9449999999999932,9.62,0,MODEL_INFERRED,SCENARIO_GENERATION,USER_REVIEW_REQUIRED
FU_AVI_HIGH,AVI unbound fraction = 0.97,R8,31–60,2.5,12,FR2024_OXA484_SERINE_ONLY,"French OXA-484 Enterobacterales, serine-only",99.76208333333334,90.565,90.53775,1.3334166666666931,88.92999999999999,0.9449999999999932,9.62,0,MODEL_INFERRED,SCENARIO_GENERATION,USER_REVIEW_REQUIRED
FU_AVI_HIGH,AVI unbound fraction = 0.97,R10,61–90,2.5,8,LEE2022_KPC_KP,"KPC-like CR-K. pneumoniae, ATLAS 2020",98.4327308707124,89.69500000000001,88.9334696569921,1.5043139841688742,88.78,1.2450000000000045,10.665,0,MODEL_INFERRED,SCENARIO_GENERATION,USER_REVIEW_REQUIRED
FU_AVI_HIGH,AVI unbound fraction = 0.97,R10,61–90,2.5,8,LEE2022_OXA_KP,"OXA-like CR-K. pneumoniae, ATLAS 2020",98.30724576271186,89.69500000000001,88.43783898305084,1.5208050847457457,88.78,1.2450000000000045,10.665,0,MODEL_INFERRED,SCENARIO_GENERATION,USER_REVIEW_REQUIRED
FU_AVI_HIGH,AVI unbound fraction = 0.97,R10,61–90,2.5,8,INDIA2022_OXA48_KP,"OXA-48-like CR-K. pneumoniae, India",96.16680147058821,89.69500000000001,86.43058823529411,1.4909926470588175,88.78,1.2450000000000045,10.665,0,MODEL_INFERRED,SCENARIO_GENERATION,USER_REVIEW_REQUIRED
FU_AVI_HIGH,AVI unbound fraction = 0.97,R10,61–90,2.5,8,FR2024_OXA484_SERINE_ONLY,"French OXA-484 Enterobacterales, serine-only",99.80858333333335,89.69500000000001,89.67975000000001,1.5498333333333392,88.78,1.2450000000000045,10.665,0,MODEL_INFERRED,SCENARIO_GENERATION,USER_REVIEW_REQUIRED
FU_AVI_HIGH,AVI unbound fraction = 0.97,R12,91–120,2.5,6,LEE2022_KPC_KP,"KPC-like CR-K. pneumoniae, ATLAS 2020",98.59763852242745,89.54999999999998,88.86515831134565,1.3744327176781042,89.01,1.25,11.82,0,MODEL_INFERRED,SCENARIO_GENERATION,USER_REVIEW_REQUIRED
FU_AVI_HIGH,AVI unbound fraction = 0.97,R12,91–120,2.5,6,LEE2022_OXA_KP,"OXA-like CR-K. pneumoniae, ATLAS 2020",98.37855932203391,89.55000000000001,88.32161016949154,1.3821398305084784,89.01,1.25,11.82,0,MODEL_INFERRED,SCENARIO_GENERATION,USER_REVIEW_REQUIRED
FU_AVI_HIGH,AVI unbound fraction = 0.97,R12,91–120,2.5,6,INDIA2022_OXA48_KP,"OXA-48-like CR-K. pneumoniae, India",96.21154411764707,89.54999999999998,86.3052205882353,1.3546323529411808,89.01,1.25,11.82,0,MODEL_INFERRED,SCENARIO_GENERATION,USER_REVIEW_REQUIRED
FU_AVI_HIGH,AVI unbound fraction = 0.97,R12,91–120,2.5,6,FR2024_OXA484_SERINE_ONLY,"French OXA-484 Enterobacterales, serine-only",99.84516666666667,89.55000000000001,89.54100000000001,1.4073333333333409,89.01,1.25,11.82,0,MODEL_INFERRED,SCENARIO_GENERATION,USER_REVIEW_REQUIRED
FU_AVI_HIGH,AVI unbound fraction = 0.97,R13,121–150,2.5,6,LEE2022_KPC_KP,"KPC-like CR-K. pneumoniae, ATLAS 2020",98.02172823218997,82.455,81.74199208443272,2.0048416886543663,81.855,1.8400000000000034,7.045,0,MODEL_INFERRED,SCENARIO_GENERATION,USER_REVIEW_REQUIRED
FU_AVI_HIGH,AVI unbound fraction = 0.97,R13,121–150,2.5,6,LEE2022_OXA_KP,"OXA-like CR-K. pneumoniae, ATLAS 2020",98.12555084745763,82.45499999999997,81.29006355932201,2.014915254237252,81.855,1.8400000000000034,7.045,0,MODEL_INFERRED,SCENARIO_GENERATION,USER_REVIEW_REQUIRED
FU_AVI_HIGH,AVI unbound fraction = 0.97,R13,121–150,2.5,6,INDIA2022_OXA48_KP,"OXA-48-like CR-K. pneumoniae, India",96.03632352941177,82.45499999999998,79.43768382352941,1.9747058823529215,81.855,1.8400000000000034,7.045,0,MODEL_INFERRED,SCENARIO_GENERATION,USER_REVIEW_REQUIRED
FU_AVI_HIGH,AVI unbound fraction = 0.97,R13,121–150,2.5,6,FR2024_OXA484_SERINE_ONLY,"French OXA-484 Enterobacterales, serine-only",99.71316666666667,82.45500000000001,82.44500000000001,2.051416666666668,81.855,1.8400000000000034,7.045,0,MODEL_INFERRED,SCENARIO_GENERATION,USER_REVIEW_REQUIRED
CAZ_TARGET_2,CAZ target fCss/MIC ≥2,R1,0–30,0.625,12,LEE2022_KPC_KP,"KPC-like CR-K. pneumoniae, ATLAS 2020",98.34591029023747,74.22,73.85379947229552,1.0496701846965806,74.215,7.790000000000006,9.42,0,USER_INPUT,SCENARIO_GENERATION,USER_REVIEW_REQUIRED
CAZ_TARGET_2,CAZ target fCss/MIC ≥2,R1,0–30,0.625,12,LEE2022_OXA_KP,"OXA-like CR-K. pneumoniae, ATLAS 2020",98.32052966101695,74.22,73.35169491525423,0.3986864406779631,74.215,7.790000000000006,9.42,0,USER_INPUT,SCENARIO_GENERATION,USER_REVIEW_REQUIRED
CAZ_TARGET_2,CAZ target fCss/MIC ≥2,R1,0–30,0.625,12,INDIA2022_OXA48_KP,"OXA-48-like CR-K. pneumoniae, India",96.3858455882353,74.22000000000001,71.82694852941178,0.38466911764706424,74.215,7.790000000000006,9.42,0,USER_INPUT,SCENARIO_GENERATION,USER_REVIEW_REQUIRED
CAZ_TARGET_2,CAZ target fCss/MIC ≥2,R1,0–30,0.625,12,FR2024_OXA484_SERINE_ONLY,"French OXA-484 Enterobacterales, serine-only",99.74375,74.22,74.21991666666668,0.13058333333333394,74.215,7.790000000000006,9.42,0,USER_INPUT,SCENARIO_GENERATION,USER_REVIEW_REQUIRED
CAZ_TARGET_2,CAZ target fCss/MIC ≥2,R8,31–60,2.5,12,LEE2022_KPC_KP,"KPC-like CR-K. pneumoniae, ATLAS 2020",99.49792875989446,89.22500000000001,88.91097625329816,0.49815303430079894,89.225,1.2399999999999949,9.62,0,USER_INPUT,SCENARIO_GENERATION,USER_REVIEW_REQUIRED
CAZ_TARGET_2,CAZ target fCss/MIC ≥2,R8,31–60,2.5,12,LEE2022_OXA_KP,"OXA-like CR-K. pneumoniae, ATLAS 2020",98.79235169491527,89.22500000000001,88.20197033898305,0.2471186440677826,89.225,1.2399999999999949,9.62,0,USER_INPUT,SCENARIO_GENERATION,USER_REVIEW_REQUIRED
CAZ_TARGET_2,CAZ target fCss/MIC ≥2,R8,31–60,2.5,12,INDIA2022_OXA48_KP,"OXA-48-like CR-K. pneumoniae, India",96.69066176470588,89.22500000000001,86.32680147058824,0.36341911764705515,89.225,1.2399999999999949,9.62,0,USER_INPUT,SCENARIO_GENERATION,USER_REVIEW_REQUIRED
CAZ_TARGET_2,CAZ target fCss/MIC ≥2,R8,31–60,2.5,12,FR2024_OXA484_SERINE_ONLY,"French OXA-484 Enterobacterales, serine-only",99.98833333333334,89.22499999999998,89.22499999999998,0.020666666666670608,89.225,1.2399999999999949,9.62,0,USER_INPUT,SCENARIO_GENERATION,USER_REVIEW_REQUIRED
CAZ_TARGET_2,CAZ target fCss/MIC ≥2,R10,61–90,2.5,8,LEE2022_KPC_KP,"KPC-like CR-K. pneumoniae, ATLAS 2020",99.5331926121372,88.14,87.84583113456465,0.4166754617414199,88.14,0.605000000000004,10.665,0,USER_INPUT,SCENARIO_GENERATION,USER_REVIEW_REQUIRED
CAZ_TARGET_2,CAZ target fCss/MIC ≥2,R10,61–90,2.5,8,LEE2022_OXA_KP,"OXA-like CR-K. pneumoniae, ATLAS 2020",98.81258474576273,88.14000000000003,87.14383474576273,0.22680084745763907,88.14,0.605000000000004,10.665,0,USER_INPUT,SCENARIO_GENERATION,USER_REVIEW_REQUIRED
CAZ_TARGET_2,CAZ target fCss/MIC ≥2,R10,61–90,2.5,8,INDIA2022_OXA48_KP,"OXA-48-like CR-K. pneumoniae, India",96.72738970588236,88.13999999999999,85.315,0.3754044117647055,88.14,0.605000000000004,10.665,0,USER_INPUT,SCENARIO_GENERATION,USER_REVIEW_REQUIRED
CAZ_TARGET_2,CAZ target fCss/MIC ≥2,R10,61–90,2.5,8,FR2024_OXA484_SERINE_ONLY,"French OXA-484 Enterobacterales, serine-only",99.99091666666668,88.14,88.14,0.010083333333327005,88.14,0.605000000000004,10.665,0,USER_INPUT,SCENARIO_GENERATION,USER_REVIEW_REQUIRED
CAZ_TARGET_2,CAZ target fCss/MIC ≥2,R12,91–120,2.5,6,LEE2022_KPC_KP,"KPC-like CR-K. pneumoniae, ATLAS 2020",99.5662796833773,88.14,87.85877308707124,0.3680474934036937,88.14,0.37999999999999545,11.82,0,USER_INPUT,SCENARIO_GENERATION,USER_REVIEW_REQUIRED
CAZ_TARGET_2,CAZ target fCss/MIC ≥2,R12,91–120,2.5,6,LEE2022_OXA_KP,"OXA-like CR-K. pneumoniae, ATLAS 2020",98.8332838983051,88.14000000000003,87.15697033898307,0.21750000000001535,88.14,0.37999999999999545,11.82,0,USER_INPUT,SCENARIO_GENERATION,USER_REVIEW_REQUIRED
CAZ_TARGET_2,CAZ target fCss/MIC ≥2,R12,91–120,2.5,6,INDIA2022_OXA48_KP,"OXA-48-like CR-K. pneumoniae, India",96.76952205882354,88.13999999999999,85.3539338235294,0.40334558823528255,88.14,0.37999999999999545,11.82,0,USER_INPUT,SCENARIO_GENERATION,USER_REVIEW_REQUIRED
CAZ_TARGET_2,CAZ target fCss/MIC ≥2,R12,91–120,2.5,6,FR2024_OXA484_SERINE_ONLY,"French OXA-484 Enterobacterales, serine-only",99.99366666666667,88.14,88.14,0.006333333333330415,88.14,0.37999999999999545,11.82,0,USER_INPUT,SCENARIO_GENERATION,USER_REVIEW_REQUIRED
CAZ_TARGET_2,CAZ target fCss/MIC ≥2,R13,121–150,2.5,6,LEE2022_KPC_KP,"KPC-like CR-K. pneumoniae, ATLAS 2020",99.4488654353562,80.39999999999998,80.12555408970975,0.3884036939313944,80.4,0.3850000000000051,7.045,0,USER_INPUT,SCENARIO_GENERATION,USER_REVIEW_REQUIRED
CAZ_TARGET_2,CAZ target fCss/MIC ≥2,R13,121–150,2.5,6,LEE2022_OXA_KP,"OXA-like CR-K. pneumoniae, ATLAS 2020",98.7477966101695,80.4,79.46430084745764,0.18915254237288082,80.4,0.3850000000000051,7.045,0,USER_INPUT,SCENARIO_GENERATION,USER_REVIEW_REQUIRED
CAZ_TARGET_2,CAZ target fCss/MIC ≥2,R13,121–150,2.5,6,INDIA2022_OXA48_KP,"OXA-48-like CR-K. pneumoniae, India",96.59297794117646,80.40000000000003,77.73639705882354,0.27341911764705173,80.4,0.3850000000000051,7.045,0,USER_INPUT,SCENARIO_GENERATION,USER_REVIEW_REQUIRED
CAZ_TARGET_2,CAZ target fCss/MIC ≥2,R13,121–150,2.5,6,FR2024_OXA484_SERINE_ONLY,"French OXA-484 Enterobacterales, serine-only",99.98175000000002,80.4,80.4,0.006416666666666515,80.4,0.3850000000000051,7.045,0,USER_INPUT,SCENARIO_GENERATION,USER_REVIEW_REQUIRED
CAZ_TARGET_6,CAZ target fCss/MIC ≥6,R1,0–30,0.625,12,LEE2022_KPC_KP,"KPC-like CR-K. pneumoniae, ATLAS 2020",87.49737467018468,74.22,70.77540897097624,-2.028720316622696,48.51,-17.915,9.42,0,USER_INPUT,SCENARIO_GENERATION,USER_REVIEW_REQUIRED
CAZ_TARGET_6,CAZ target fCss/MIC ≥6,R1,0–30,0.625,12,LEE2022_OXA_KP,"OXA-like CR-K. pneumoniae, ATLAS 2020",90.97735169491527,74.22,72.14396186440679,-0.8090466101694744,48.51,-17.915,9.42,0,USER_INPUT,SCENARIO_GENERATION,USER_REVIEW_REQUIRED
CAZ_TARGET_6,CAZ target fCss/MIC ≥6,R1,0–30,0.625,12,INDIA2022_OXA48_KP,"OXA-48-like CR-K. pneumoniae, India",91.20327205882356,74.22000000000001,70.84654411764707,-0.5957352941176453,48.51,-17.915,9.42,0,USER_INPUT,SCENARIO_GENERATION,USER_REVIEW_REQUIRED
CAZ_TARGET_6,CAZ target fCss/MIC ≥6,R1,0–30,0.625,12,FR2024_OXA484_SERINE_ONLY,"French OXA-484 Enterobacterales, serine-only",95.21875000000001,74.22,73.59425,-0.49508333333334065,48.51,-17.915,9.42,0,USER_INPUT,SCENARIO_GENERATION,USER_REVIEW_REQUIRED
CAZ_TARGET_6,CAZ target fCss/MIC ≥6,R8,31–60,2.5,12,LEE2022_KPC_KP,"KPC-like CR-K. pneumoniae, ATLAS 2020",95.97059366754615,89.22500000000001,87.15414248021108,-1.258680738786282,76.89,-11.094999999999999,9.62,0,USER_INPUT,SCENARIO_GENERATION,USER_REVIEW_REQUIRED
CAZ_TARGET_6,CAZ target fCss/MIC ≥6,R8,31–60,2.5,12,LEE2022_OXA_KP,"OXA-like CR-K. pneumoniae, ATLAS 2020",97.12190677966102,89.22500000000001,87.53860169491524,-0.4162500000000193,76.89,-11.094999999999999,9.62,0,USER_INPUT,SCENARIO_GENERATION,USER_REVIEW_REQUIRED
CAZ_TARGET_6,CAZ target fCss/MIC ≥6,R8,31–60,2.5,12,INDIA2022_OXA48_KP,"OXA-48-like CR-K. pneumoniae, India",95.39422794117645,89.22500000000001,85.67117647058824,-0.2922058823529454,76.89,-11.094999999999999,9.62,0,USER_INPUT,SCENARIO_GENERATION,USER_REVIEW_REQUIRED
CAZ_TARGET_6,CAZ target fCss/MIC ≥6,R8,31–60,2.5,12,FR2024_OXA484_SERINE_ONLY,"French OXA-484 Enterobacterales, serine-only",99.10158333333334,89.22499999999998,89.00741666666664,-0.19691666666666663,76.89,-11.094999999999999,9.62,0,USER_INPUT,SCENARIO_GENERATION,USER_REVIEW_REQUIRED
CAZ_TARGET_6,CAZ target fCss/MIC ≥6,R10,61–90,2.5,8,LEE2022_KPC_KP,"KPC-like CR-K. pneumoniae, ATLAS 2020",96.34229551451187,88.14,86.35312664907651,-1.0760290237467132,78.455,-9.079999999999998,10.665,0,USER_INPUT,SCENARIO_GENERATION,USER_REVIEW_REQUIRED
CAZ_TARGET_6,CAZ target fCss/MIC ≥6,R10,61–90,2.5,8,LEE2022_OXA_KP,"OXA-like CR-K. pneumoniae, ATLAS 2020",97.32743644067796,88.14000000000003,86.56235169491525,-0.35468220338984224,78.455,-9.079999999999998,10.665,0,USER_INPUT,SCENARIO_GENERATION,USER_REVIEW_REQUIRED
CAZ_TARGET_6,CAZ target fCss/MIC ≥6,R10,61–90,2.5,8,INDIA2022_OXA48_KP,"OXA-48-like CR-K. pneumoniae, India",95.52386029411764,88.13999999999999,84.6929411764706,-0.24665441176469471,78.455,-9.079999999999998,10.665,0,USER_INPUT,SCENARIO_GENERATION,USER_REVIEW_REQUIRED
CAZ_TARGET_6,CAZ target fCss/MIC ≥6,R10,61–90,2.5,8,FR2024_OXA484_SERINE_ONLY,"French OXA-484 Enterobacterales, serine-only",99.23208333333334,88.14,87.97483333333332,-0.15508333333335145,78.455,-9.079999999999998,10.665,0,USER_INPUT,SCENARIO_GENERATION,USER_REVIEW_REQUIRED
CAZ_TARGET_6,CAZ target fCss/MIC ≥6,R12,91–120,2.5,6,LEE2022_KPC_KP,"KPC-like CR-K. pneumoniae, ATLAS 2020",96.80249340369394,88.14,86.61085751978894,-0.8798680738786118,81.06,-6.700000000000003,11.82,0,USER_INPUT,SCENARIO_GENERATION,USER_REVIEW_REQUIRED
CAZ_TARGET_6,CAZ target fCss/MIC ≥6,R12,91–120,2.5,6,LEE2022_OXA_KP,"OXA-like CR-K. pneumoniae, ATLAS 2020",97.56769067796611,88.14000000000003,86.64468220338985,-0.29478813559320827,81.06,-6.700000000000003,11.82,0,USER_INPUT,SCENARIO_GENERATION,USER_REVIEW_REQUIRED
CAZ_TARGET_6,CAZ target fCss/MIC ≥6,R12,91–120,2.5,6,INDIA2022_OXA48_KP,"OXA-48-like CR-K. pneumoniae, India",95.68257352941177,88.13999999999999,84.75371323529411,-0.19687500000000568,81.06,-6.700000000000003,11.82,0,USER_INPUT,SCENARIO_GENERATION,USER_REVIEW_REQUIRED
CAZ_TARGET_6,CAZ target fCss/MIC ≥6,R12,91–120,2.5,6,FR2024_OXA484_SERINE_ONLY,"French OXA-484 Enterobacterales, serine-only",99.38241666666666,88.14,88.0205,-0.11316666666667174,81.06,-6.700000000000003,11.82,0,USER_INPUT,SCENARIO_GENERATION,USER_REVIEW_REQUIRED
CAZ_TARGET_6,CAZ target fCss/MIC ≥6,R13,121–150,2.5,6,LEE2022_KPC_KP,"KPC-like CR-K. pneumoniae, ATLAS 2020",95.36327176781002,80.39999999999998,78.755,-0.9821503957783619,71.88,-8.135000000000005,7.045,0,USER_INPUT,SCENARIO_GENERATION,USER_REVIEW_REQUIRED
CAZ_TARGET_6,CAZ target fCss/MIC ≥6,R13,121–150,2.5,6,LEE2022_OXA_KP,"OXA-like CR-K. pneumoniae, ATLAS 2020",96.80588983050848,80.4,78.9561652542373,-0.31898305084745004,71.88,-8.135000000000005,7.045,0,USER_INPUT,SCENARIO_GENERATION,USER_REVIEW_REQUIRED
CAZ_TARGET_6,CAZ target fCss/MIC ≥6,R13,121–150,2.5,6,INDIA2022_OXA48_KP,"OXA-48-like CR-K. pneumoniae, India",95.19341911764705,80.40000000000003,77.26198529411765,-0.20099264705883968,71.88,-8.135000000000005,7.045,0,USER_INPUT,SCENARIO_GENERATION,USER_REVIEW_REQUIRED
CAZ_TARGET_6,CAZ target fCss/MIC ≥6,R13,121–150,2.5,6,FR2024_OXA484_SERINE_ONLY,"French OXA-484 Enterobacterales, serine-only",98.90291666666667,80.4,80.258,-0.1355833333333436,71.88,-8.135000000000005,7.045,0,USER_INPUT,SCENARIO_GENERATION,USER_REVIEW_REQUIRED
AVI_CT_2,AVI threshold = 2 mg/L,R1,0–30,0.625,12,LEE2022_KPC_KP,"KPC-like CR-K. pneumoniae, ATLAS 2020",93.65485488126649,93.16499999999999,89.32168865435355,16.51755936675461,67.86999999999999,1.4449999999999932,9.42,0,USER_INPUT,SCENARIO_GENERATION,USER_REVIEW_REQUIRED
AVI_CT_2,AVI threshold = 2 mg/L,R1,0–30,0.625,12,LEE2022_OXA_KP,"OXA-like CR-K. pneumoniae, ATLAS 2020",95.5652966101695,93.16499999999998,90.62033898305083,17.667330508474564,67.86999999999999,1.4449999999999932,9.42,0,USER_INPUT,SCENARIO_GENERATION,USER_REVIEW_REQUIRED
AVI_CT_2,AVI threshold = 2 mg/L,R1,0–30,0.625,12,INDIA2022_OXA48_KP,"OXA-48-like CR-K. pneumoniae, India",94.45033088235294,93.16499999999999,89.03838235294117,17.596102941176454,67.86999999999999,1.4449999999999932,9.42,0,USER_INPUT,SCENARIO_GENERATION,USER_REVIEW_REQUIRED
AVI_CT_2,AVI threshold = 2 mg/L,R1,0–30,0.625,12,FR2024_OXA484_SERINE_ONLY,"French OXA-484 Enterobacterales, serine-only",98.06408333333334,93.16499999999999,92.38041666666666,18.29108333333332,67.86999999999999,1.4449999999999932,9.42,0,USER_INPUT,SCENARIO_GENERATION,USER_REVIEW_REQUIRED
AVI_CT_2,AVI threshold = 2 mg/L,R8,31–60,2.5,12,LEE2022_KPC_KP,"KPC-like CR-K. pneumoniae, ATLAS 2020",98.2425857519789,98.765,97.28055408970977,8.867730870712407,91.685,3.700000000000003,9.62,0,USER_INPUT,SCENARIO_GENERATION,USER_REVIEW_REQUIRED
AVI_CT_2,AVI threshold = 2 mg/L,R8,31–60,2.5,12,LEE2022_OXA_KP,"OXA-like CR-K. pneumoniae, ATLAS 2020",98.22625000000002,98.765,97.16247881355933,9.20762711864407,91.685,3.700000000000003,9.62,0,USER_INPUT,SCENARIO_GENERATION,USER_REVIEW_REQUIRED
AVI_CT_2,AVI threshold = 2 mg/L,R8,31–60,2.5,12,INDIA2022_OXA48_KP,"OXA-48-like CR-K. pneumoniae, India",96.11161764705881,98.76499999999999,95.01224264705881,9.048860294117631,91.685,3.700000000000003,9.62,0,USER_INPUT,SCENARIO_GENERATION,USER_REVIEW_REQUIRED
AVI_CT_2,AVI threshold = 2 mg/L,R8,31–60,2.5,12,FR2024_OXA484_SERINE_ONLY,"French OXA-484 Enterobacterales, serine-only",99.76208333333334,98.76500000000001,98.63125000000001,9.426916666666699,91.685,3.700000000000003,9.62,0,USER_INPUT,SCENARIO_GENERATION,USER_REVIEW_REQUIRED
AVI_CT_2,AVI threshold = 2 mg/L,R10,61–90,2.5,8,LEE2022_KPC_KP,"KPC-like CR-K. pneumoniae, ATLAS 2020",98.4327308707124,98.63499999999998,97.32420844327177,9.895052770448544,93.065,5.530000000000001,10.665,0,USER_INPUT,SCENARIO_GENERATION,USER_REVIEW_REQUIRED
AVI_CT_2,AVI threshold = 2 mg/L,R10,61–90,2.5,8,LEE2022_OXA_KP,"OXA-like CR-K. pneumoniae, ATLAS 2020",98.30724576271186,98.63499999999999,97.09635593220337,10.179322033898274,93.065,5.530000000000001,10.665,0,USER_INPUT,SCENARIO_GENERATION,USER_REVIEW_REQUIRED
AVI_CT_2,AVI threshold = 2 mg/L,R10,61–90,2.5,8,INDIA2022_OXA48_KP,"OXA-48-like CR-K. pneumoniae, India",96.16680147058821,98.63499999999998,94.93316176470586,9.993566176470566,93.065,5.530000000000001,10.665,0,USER_INPUT,SCENARIO_GENERATION,USER_REVIEW_REQUIRED
AVI_CT_2,AVI threshold = 2 mg/L,R10,61–90,2.5,8,FR2024_OXA484_SERINE_ONLY,"French OXA-484 Enterobacterales, serine-only",99.80858333333335,98.63499999999999,98.53391666666667,10.403999999999996,93.065,5.530000000000001,10.665,0,USER_INPUT,SCENARIO_GENERATION,USER_REVIEW_REQUIRED
AVI_CT_2,AVI threshold = 2 mg/L,R12,91–120,2.5,6,LEE2022_KPC_KP,"KPC-like CR-K. pneumoniae, ATLAS 2020",98.59763852242745,98.695,97.51733509234828,10.026609498680727,94.11,6.349999999999994,11.82,0,USER_INPUT,SCENARIO_GENERATION,USER_REVIEW_REQUIRED
AVI_CT_2,AVI threshold = 2 mg/L,R12,91–120,2.5,6,LEE2022_OXA_KP,"OXA-like CR-K. pneumoniae, ATLAS 2020",98.37855932203391,98.695,97.2035593220339,10.26408898305084,94.11,6.349999999999994,11.82,0,USER_INPUT,SCENARIO_GENERATION,USER_REVIEW_REQUIRED
AVI_CT_2,AVI threshold = 2 mg/L,R12,91–120,2.5,6,INDIA2022_OXA48_KP,"OXA-48-like CR-K. pneumoniae, India",96.21154411764707,98.695,95.02202205882354,10.071433823529418,94.11,6.349999999999994,11.82,0,USER_INPUT,SCENARIO_GENERATION,USER_REVIEW_REQUIRED
AVI_CT_2,AVI threshold = 2 mg/L,R12,91–120,2.5,6,FR2024_OXA484_SERINE_ONLY,"French OXA-484 Enterobacterales, serine-only",99.84516666666667,98.69499999999998,98.61483333333332,10.481166666666653,94.11,6.349999999999994,11.82,0,USER_INPUT,SCENARIO_GENERATION,USER_REVIEW_REQUIRED
AVI_CT_2,AVI threshold = 2 mg/L,R13,121–150,2.5,6,LEE2022_KPC_KP,"KPC-like CR-K. pneumoniae, ATLAS 2020",98.02172823218997,96.99999999999999,95.53596306068602,15.798812664907658,90.275,10.260000000000005,7.045,0,USER_INPUT,SCENARIO_GENERATION,USER_REVIEW_REQUIRED
AVI_CT_2,AVI threshold = 2 mg/L,R13,121–150,2.5,6,LEE2022_OXA_KP,"OXA-like CR-K. pneumoniae, ATLAS 2020",98.12555084745763,96.99999999999999,95.42980932203389,16.154661016949134,90.275,10.260000000000005,7.045,0,USER_INPUT,SCENARIO_GENERATION,USER_REVIEW_REQUIRED
AVI_CT_2,AVI threshold = 2 mg/L,R13,121–150,2.5,6,INDIA2022_OXA48_KP,"OXA-48-like CR-K. pneumoniae, India",96.03632352941177,97,93.31117647058824,15.848198529411746,90.275,10.260000000000005,7.045,0,USER_INPUT,SCENARIO_GENERATION,USER_REVIEW_REQUIRED
AVI_CT_2,AVI threshold = 2 mg/L,R13,121–150,2.5,6,FR2024_OXA484_SERINE_ONLY,"French OXA-484 Enterobacterales, serine-only",99.71316666666667,96.99999999999999,96.88566666666665,16.492083333333312,90.275,10.260000000000005,7.045,0,USER_INPUT,SCENARIO_GENERATION,USER_REVIEW_REQUIRED
AVI_CT_6,AVI threshold = 6 mg/L,R1,0–30,0.625,12,LEE2022_KPC_KP,"KPC-like CR-K. pneumoniae, ATLAS 2020",93.65485488126649,57.63,57.05399736147758,-15.750131926121362,56.665,-9.759999999999998,9.42,0,USER_INPUT,SCENARIO_GENERATION,USER_REVIEW_REQUIRED
AVI_CT_6,AVI threshold = 6 mg/L,R1,0–30,0.625,12,LEE2022_OXA_KP,"OXA-like CR-K. pneumoniae, ATLAS 2020",95.5652966101695,57.63000000000001,56.818580508474575,-16.13442796610169,56.665,-9.759999999999998,9.42,0,USER_INPUT,SCENARIO_GENERATION,USER_REVIEW_REQUIRED
AVI_CT_6,AVI threshold = 6 mg/L,R1,0–30,0.625,12,INDIA2022_OXA48_KP,"OXA-48-like CR-K. pneumoniae, India",94.45033088235294,57.63000000000001,55.61341911764707,-15.828860294117646,56.665,-9.759999999999998,9.42,0,USER_INPUT,SCENARIO_GENERATION,USER_REVIEW_REQUIRED
AVI_CT_6,AVI threshold = 6 mg/L,R1,0–30,0.625,12,FR2024_OXA484_SERINE_ONLY,"French OXA-484 Enterobacterales, serine-only",98.06408333333334,57.63,57.61391666666667,-16.475416666666675,56.665,-9.759999999999998,9.42,0,USER_INPUT,SCENARIO_GENERATION,USER_REVIEW_REQUIRED
AVI_CT_6,AVI threshold = 6 mg/L,R8,31–60,2.5,12,LEE2022_KPC_KP,"KPC-like CR-K. pneumoniae, ATLAS 2020",98.2425857519789,74.78,74.28748021108179,-14.125343007915575,74.72999999999999,-13.25500000000001,9.62,0,USER_INPUT,SCENARIO_GENERATION,USER_REVIEW_REQUIRED
AVI_CT_6,AVI threshold = 6 mg/L,R8,31–60,2.5,12,LEE2022_OXA_KP,"OXA-like CR-K. pneumoniae, ATLAS 2020",98.22625000000002,74.77999999999997,73.78112288135593,-14.173728813559336,74.72999999999999,-13.25500000000001,9.62,0,USER_INPUT,SCENARIO_GENERATION,USER_REVIEW_REQUIRED
AVI_CT_6,AVI threshold = 6 mg/L,R8,31–60,2.5,12,INDIA2022_OXA48_KP,"OXA-48-like CR-K. pneumoniae, India",96.11161764705881,74.78,72.07569852941177,-13.887683823529414,74.72999999999999,-13.25500000000001,9.62,0,USER_INPUT,SCENARIO_GENERATION,USER_REVIEW_REQUIRED
AVI_CT_6,AVI threshold = 6 mg/L,R8,31–60,2.5,12,FR2024_OXA484_SERINE_ONLY,"French OXA-484 Enterobacterales, serine-only",99.76208333333334,74.78000000000002,74.77916666666667,-14.425166666666641,74.72999999999999,-13.25500000000001,9.62,0,USER_INPUT,SCENARIO_GENERATION,USER_REVIEW_REQUIRED
AVI_CT_6,AVI threshold = 6 mg/L,R10,61–90,2.5,8,LEE2022_KPC_KP,"KPC-like CR-K. pneumoniae, ATLAS 2020",98.4327308707124,72.49000000000001,72.06052770448551,-15.36862796833772,72.48,-15.054999999999993,10.665,0,USER_INPUT,SCENARIO_GENERATION,USER_REVIEW_REQUIRED
AVI_CT_6,AVI threshold = 6 mg/L,R10,61–90,2.5,8,LEE2022_OXA_KP,"OXA-like CR-K. pneumoniae, ATLAS 2020",98.30724576271186,72.49,71.54074152542373,-15.376292372881366,72.48,-15.054999999999993,10.665,0,USER_INPUT,SCENARIO_GENERATION,USER_REVIEW_REQUIRED
AVI_CT_6,AVI threshold = 6 mg/L,R10,61–90,2.5,8,INDIA2022_OXA48_KP,"OXA-48-like CR-K. pneumoniae, India",96.16680147058821,72.48999999999998,69.8780882352941,-15.061507352941192,72.48,-15.054999999999993,10.665,0,USER_INPUT,SCENARIO_GENERATION,USER_REVIEW_REQUIRED
AVI_CT_6,AVI threshold = 6 mg/L,R10,61–90,2.5,8,FR2024_OXA484_SERINE_ONLY,"French OXA-484 Enterobacterales, serine-only",99.80858333333335,72.49,72.48983333333332,-15.64008333333335,72.48,-15.054999999999993,10.665,0,USER_INPUT,SCENARIO_GENERATION,USER_REVIEW_REQUIRED
AVI_CT_6,AVI threshold = 6 mg/L,R12,91–120,2.5,6,LEE2022_KPC_KP,"KPC-like CR-K. pneumoniae, ATLAS 2020",98.59763852242745,72.045,71.65300791556729,-15.837717678100262,72.045,-15.715000000000003,11.82,0,USER_INPUT,SCENARIO_GENERATION,USER_REVIEW_REQUIRED
AVI_CT_6,AVI threshold = 6 mg/L,R12,91–120,2.5,6,LEE2022_OXA_KP,"OXA-like CR-K. pneumoniae, ATLAS 2020",98.37855932203391,72.045,71.11504237288135,-15.824427966101709,72.045,-15.715000000000003,11.82,0,USER_INPUT,SCENARIO_GENERATION,USER_REVIEW_REQUIRED
AVI_CT_6,AVI threshold = 6 mg/L,R12,91–120,2.5,6,INDIA2022_OXA48_KP,"OXA-48-like CR-K. pneumoniae, India",96.21154411764707,72.04500000000002,69.45569852941178,-15.494889705882343,72.045,-15.715000000000003,11.82,0,USER_INPUT,SCENARIO_GENERATION,USER_REVIEW_REQUIRED
AVI_CT_6,AVI threshold = 6 mg/L,R12,91–120,2.5,6,FR2024_OXA484_SERINE_ONLY,"French OXA-484 Enterobacterales, serine-only",99.84516666666667,72.045,72.045,-16.08866666666667,72.045,-15.715000000000003,11.82,0,USER_INPUT,SCENARIO_GENERATION,USER_REVIEW_REQUIRED
AVI_CT_6,AVI threshold = 6 mg/L,R13,121–150,2.5,6,LEE2022_KPC_KP,"KPC-like CR-K. pneumoniae, ATLAS 2020",98.02172823218997,60.64000000000001,60.284643799472306,-19.45250659630605,60.63499999999999,-19.38000000000001,7.045,0,USER_INPUT,SCENARIO_GENERATION,USER_REVIEW_REQUIRED
AVI_CT_6,AVI threshold = 6 mg/L,R13,121–150,2.5,6,LEE2022_OXA_KP,"OXA-like CR-K. pneumoniae, ATLAS 2020",98.12555084745763,60.640000000000015,59.844703389830514,-19.430444915254242,60.63499999999999,-19.38000000000001,7.045,0,USER_INPUT,SCENARIO_GENERATION,USER_REVIEW_REQUIRED
AVI_CT_6,AVI threshold = 6 mg/L,R13,121–150,2.5,6,INDIA2022_OXA48_KP,"OXA-48-like CR-K. pneumoniae, India",96.03632352941177,60.64,58.43783088235294,-19.02514705882355,60.63499999999999,-19.38000000000001,7.045,0,USER_INPUT,SCENARIO_GENERATION,USER_REVIEW_REQUIRED
AVI_CT_6,AVI threshold = 6 mg/L,R13,121–150,2.5,6,FR2024_OXA484_SERINE_ONLY,"French OXA-484 Enterobacterales, serine-only",99.71316666666667,60.64,60.63991666666667,-19.753666666666668,60.63499999999999,-19.38000000000001,7.045,0,USER_INPUT,SCENARIO_GENERATION,USER_REVIEW_REQUIRED
TOX_80,CAZ toxicity threshold = 80 mg/L,R1,0–30,0.625,12,LEE2022_KPC_KP,"KPC-like CR-K. pneumoniae, ATLAS 2020",93.65485488126649,74.22,72.80412928759894,0,66.425,0,13.36,3.9399999999999995,USER_INPUT,SCENARIO_GENERATION,USER_REVIEW_REQUIRED
TOX_80,CAZ toxicity threshold = 80 mg/L,R1,0–30,0.625,12,LEE2022_OXA_KP,"OXA-like CR-K. pneumoniae, ATLAS 2020",95.5652966101695,74.22,72.95300847457627,0,66.425,0,13.36,3.9399999999999995,USER_INPUT,SCENARIO_GENERATION,USER_REVIEW_REQUIRED
TOX_80,CAZ toxicity threshold = 80 mg/L,R1,0–30,0.625,12,INDIA2022_OXA48_KP,"OXA-48-like CR-K. pneumoniae, India",94.45033088235294,74.22000000000001,71.44227941176472,0,66.425,0,13.36,3.9399999999999995,USER_INPUT,SCENARIO_GENERATION,USER_REVIEW_REQUIRED
TOX_80,CAZ toxicity threshold = 80 mg/L,R1,0–30,0.625,12,FR2024_OXA484_SERINE_ONLY,"French OXA-484 Enterobacterales, serine-only",98.06408333333334,74.22,74.08933333333334,0,66.425,0,13.36,3.9399999999999995,USER_INPUT,SCENARIO_GENERATION,USER_REVIEW_REQUIRED
TOX_80,CAZ toxicity threshold = 80 mg/L,R8,31–60,2.5,12,LEE2022_KPC_KP,"KPC-like CR-K. pneumoniae, ATLAS 2020",98.2425857519789,89.22500000000001,88.41282321899736,0,87.985,0,18.915000000000003,9.295000000000003,USER_INPUT,SCENARIO_GENERATION,USER_REVIEW_REQUIRED
TOX_80,CAZ toxicity threshold = 80 mg/L,R8,31–60,2.5,12,LEE2022_OXA_KP,"OXA-like CR-K. pneumoniae, ATLAS 2020",98.22625000000002,89.22500000000001,87.95485169491526,0,87.985,0,18.915000000000003,9.295000000000003,USER_INPUT,SCENARIO_GENERATION,USER_REVIEW_REQUIRED
TOX_80,CAZ toxicity threshold = 80 mg/L,R8,31–60,2.5,12,INDIA2022_OXA48_KP,"OXA-48-like CR-K. pneumoniae, India",96.11161764705881,89.22500000000001,85.96338235294118,0,87.985,0,18.915000000000003,9.295000000000003,USER_INPUT,SCENARIO_GENERATION,USER_REVIEW_REQUIRED
TOX_80,CAZ toxicity threshold = 80 mg/L,R8,31–60,2.5,12,FR2024_OXA484_SERINE_ONLY,"French OXA-484 Enterobacterales, serine-only",99.76208333333334,89.22499999999998,89.20433333333331,0,87.985,0,18.915000000000003,9.295000000000003,USER_INPUT,SCENARIO_GENERATION,USER_REVIEW_REQUIRED
TOX_80,CAZ toxicity threshold = 80 mg/L,R10,61–90,2.5,8,LEE2022_KPC_KP,"KPC-like CR-K. pneumoniae, ATLAS 2020",98.4327308707124,88.14,87.42915567282323,0,87.535,0,20.43,9.765,USER_INPUT,SCENARIO_GENERATION,USER_REVIEW_REQUIRED
TOX_80,CAZ toxicity threshold = 80 mg/L,R10,61–90,2.5,8,LEE2022_OXA_KP,"OXA-like CR-K. pneumoniae, ATLAS 2020",98.30724576271186,88.14000000000003,86.91703389830509,0,87.535,0,20.43,9.765,USER_INPUT,SCENARIO_GENERATION,USER_REVIEW_REQUIRED
TOX_80,CAZ toxicity threshold = 80 mg/L,R10,61–90,2.5,8,INDIA2022_OXA48_KP,"OXA-48-like CR-K. pneumoniae, India",96.16680147058821,88.13999999999999,84.93959558823529,0,87.535,0,20.43,9.765,USER_INPUT,SCENARIO_GENERATION,USER_REVIEW_REQUIRED
TOX_80,CAZ toxicity threshold = 80 mg/L,R10,61–90,2.5,8,FR2024_OXA484_SERINE_ONLY,"French OXA-484 Enterobacterales, serine-only",99.80858333333335,88.14,88.12991666666667,0,87.535,0,20.43,9.765,USER_INPUT,SCENARIO_GENERATION,USER_REVIEW_REQUIRED
TOX_80,CAZ toxicity threshold = 80 mg/L,R12,91–120,2.5,6,LEE2022_KPC_KP,"KPC-like CR-K. pneumoniae, ATLAS 2020",98.59763852242745,88.14,87.49072559366755,0,87.76,0,22.33,10.509999999999998,USER_INPUT,SCENARIO_GENERATION,USER_REVIEW_REQUIRED
TOX_80,CAZ toxicity threshold = 80 mg/L,R12,91–120,2.5,6,LEE2022_OXA_KP,"OXA-like CR-K. pneumoniae, ATLAS 2020",98.37855932203391,88.14000000000003,86.93947033898306,0,87.76,0,22.33,10.509999999999998,USER_INPUT,SCENARIO_GENERATION,USER_REVIEW_REQUIRED
TOX_80,CAZ toxicity threshold = 80 mg/L,R12,91–120,2.5,6,INDIA2022_OXA48_KP,"OXA-48-like CR-K. pneumoniae, India",96.21154411764707,88.13999999999999,84.95058823529412,0,87.76,0,22.33,10.509999999999998,USER_INPUT,SCENARIO_GENERATION,USER_REVIEW_REQUIRED
TOX_80,CAZ toxicity threshold = 80 mg/L,R12,91–120,2.5,6,FR2024_OXA484_SERINE_ONLY,"French OXA-484 Enterobacterales, serine-only",99.84516666666667,88.14,88.13366666666667,0,87.76,0,22.33,10.509999999999998,USER_INPUT,SCENARIO_GENERATION,USER_REVIEW_REQUIRED
TOX_80,CAZ toxicity threshold = 80 mg/L,R13,121–150,2.5,6,LEE2022_KPC_KP,"KPC-like CR-K. pneumoniae, ATLAS 2020",98.02172823218997,80.39999999999998,79.73715039577836,0,80.015,0,14.804999999999998,7.759999999999998,USER_INPUT,SCENARIO_GENERATION,USER_REVIEW_REQUIRED
TOX_80,CAZ toxicity threshold = 80 mg/L,R13,121–150,2.5,6,LEE2022_OXA_KP,"OXA-like CR-K. pneumoniae, ATLAS 2020",98.12555084745763,80.4,79.27514830508476,0,80.015,0,14.804999999999998,7.759999999999998,USER_INPUT,SCENARIO_GENERATION,USER_REVIEW_REQUIRED
TOX_80,CAZ toxicity threshold = 80 mg/L,R13,121–150,2.5,6,INDIA2022_OXA48_KP,"OXA-48-like CR-K. pneumoniae, India",96.03632352941177,80.40000000000003,77.46297794117649,0,80.015,0,14.804999999999998,7.759999999999998,USER_INPUT,SCENARIO_GENERATION,USER_REVIEW_REQUIRED
TOX_80,CAZ toxicity threshold = 80 mg/L,R13,121–150,2.5,6,FR2024_OXA484_SERINE_ONLY,"French OXA-484 Enterobacterales, serine-only",99.71316666666667,80.4,80.39358333333334,0,80.015,0,14.804999999999998,7.759999999999998,USER_INPUT,SCENARIO_GENERATION,USER_REVIEW_REQUIRED
TOX_128,CAZ toxicity threshold = 128 mg/L,R1,0–30,0.625,12,LEE2022_KPC_KP,"KPC-like CR-K. pneumoniae, ATLAS 2020",93.65485488126649,74.22,72.80412928759894,0,66.425,0,6.925000000000001,-2.494999999999999,USER_INPUT,SCENARIO_GENERATION,USER_REVIEW_REQUIRED
TOX_128,CAZ toxicity threshold = 128 mg/L,R1,0–30,0.625,12,LEE2022_OXA_KP,"OXA-like CR-K. pneumoniae, ATLAS 2020",95.5652966101695,74.22,72.95300847457627,0,66.425,0,6.925000000000001,-2.494999999999999,USER_INPUT,SCENARIO_GENERATION,USER_REVIEW_REQUIRED
TOX_128,CAZ toxicity threshold = 128 mg/L,R1,0–30,0.625,12,INDIA2022_OXA48_KP,"OXA-48-like CR-K. pneumoniae, India",94.45033088235294,74.22000000000001,71.44227941176472,0,66.425,0,6.925000000000001,-2.494999999999999,USER_INPUT,SCENARIO_GENERATION,USER_REVIEW_REQUIRED
TOX_128,CAZ toxicity threshold = 128 mg/L,R1,0–30,0.625,12,FR2024_OXA484_SERINE_ONLY,"French OXA-484 Enterobacterales, serine-only",98.06408333333334,74.22,74.08933333333334,0,66.425,0,6.925000000000001,-2.494999999999999,USER_INPUT,SCENARIO_GENERATION,USER_REVIEW_REQUIRED
TOX_128,CAZ toxicity threshold = 128 mg/L,R8,31–60,2.5,12,LEE2022_KPC_KP,"KPC-like CR-K. pneumoniae, ATLAS 2020",98.2425857519789,89.22500000000001,88.41282321899736,0,87.985,0,5.205,-4.414999999999999,USER_INPUT,SCENARIO_GENERATION,USER_REVIEW_REQUIRED
TOX_128,CAZ toxicity threshold = 128 mg/L,R8,31–60,2.5,12,LEE2022_OXA_KP,"OXA-like CR-K. pneumoniae, ATLAS 2020",98.22625000000002,89.22500000000001,87.95485169491526,0,87.985,0,5.205,-4.414999999999999,USER_INPUT,SCENARIO_GENERATION,USER_REVIEW_REQUIRED
TOX_128,CAZ toxicity threshold = 128 mg/L,R8,31–60,2.5,12,INDIA2022_OXA48_KP,"OXA-48-like CR-K. pneumoniae, India",96.11161764705881,89.22500000000001,85.96338235294118,0,87.985,0,5.205,-4.414999999999999,USER_INPUT,SCENARIO_GENERATION,USER_REVIEW_REQUIRED
TOX_128,CAZ toxicity threshold = 128 mg/L,R8,31–60,2.5,12,FR2024_OXA484_SERINE_ONLY,"French OXA-484 Enterobacterales, serine-only",99.76208333333334,89.22499999999998,89.20433333333331,0,87.985,0,5.205,-4.414999999999999,USER_INPUT,SCENARIO_GENERATION,USER_REVIEW_REQUIRED
TOX_128,CAZ toxicity threshold = 128 mg/L,R10,61–90,2.5,8,LEE2022_KPC_KP,"KPC-like CR-K. pneumoniae, ATLAS 2020",98.4327308707124,88.14,87.42915567282323,0,87.535,0,5.815,-4.849999999999999,USER_INPUT,SCENARIO_GENERATION,USER_REVIEW_REQUIRED
TOX_128,CAZ toxicity threshold = 128 mg/L,R10,61–90,2.5,8,LEE2022_OXA_KP,"OXA-like CR-K. pneumoniae, ATLAS 2020",98.30724576271186,88.14000000000003,86.91703389830509,0,87.535,0,5.815,-4.849999999999999,USER_INPUT,SCENARIO_GENERATION,USER_REVIEW_REQUIRED
TOX_128,CAZ toxicity threshold = 128 mg/L,R10,61–90,2.5,8,INDIA2022_OXA48_KP,"OXA-48-like CR-K. pneumoniae, India",96.16680147058821,88.13999999999999,84.93959558823529,0,87.535,0,5.815,-4.849999999999999,USER_INPUT,SCENARIO_GENERATION,USER_REVIEW_REQUIRED
TOX_128,CAZ toxicity threshold = 128 mg/L,R10,61–90,2.5,8,FR2024_OXA484_SERINE_ONLY,"French OXA-484 Enterobacterales, serine-only",99.80858333333335,88.14,88.12991666666667,0,87.535,0,5.815,-4.849999999999999,USER_INPUT,SCENARIO_GENERATION,USER_REVIEW_REQUIRED
TOX_128,CAZ toxicity threshold = 128 mg/L,R12,91–120,2.5,6,LEE2022_KPC_KP,"KPC-like CR-K. pneumoniae, ATLAS 2020",98.59763852242745,88.14,87.49072559366755,0,87.76,0,6.54,-5.28,USER_INPUT,SCENARIO_GENERATION,USER_REVIEW_REQUIRED
TOX_128,CAZ toxicity threshold = 128 mg/L,R12,91–120,2.5,6,LEE2022_OXA_KP,"OXA-like CR-K. pneumoniae, ATLAS 2020",98.37855932203391,88.14000000000003,86.93947033898306,0,87.76,0,6.54,-5.28,USER_INPUT,SCENARIO_GENERATION,USER_REVIEW_REQUIRED
TOX_128,CAZ toxicity threshold = 128 mg/L,R12,91–120,2.5,6,INDIA2022_OXA48_KP,"OXA-48-like CR-K. pneumoniae, India",96.21154411764707,88.13999999999999,84.95058823529412,0,87.76,0,6.54,-5.28,USER_INPUT,SCENARIO_GENERATION,USER_REVIEW_REQUIRED
TOX_128,CAZ toxicity threshold = 128 mg/L,R12,91–120,2.5,6,FR2024_OXA484_SERINE_ONLY,"French OXA-484 Enterobacterales, serine-only",99.84516666666667,88.14,88.13366666666667,0,87.76,0,6.54,-5.28,USER_INPUT,SCENARIO_GENERATION,USER_REVIEW_REQUIRED
TOX_128,CAZ toxicity threshold = 128 mg/L,R13,121–150,2.5,6,LEE2022_KPC_KP,"KPC-like CR-K. pneumoniae, ATLAS 2020",98.02172823218997,80.39999999999998,79.73715039577836,0,80.015,0,3.46,-3.585,USER_INPUT,SCENARIO_GENERATION,USER_REVIEW_REQUIRED
TOX_128,CAZ toxicity threshold = 128 mg/L,R13,121–150,2.5,6,LEE2022_OXA_KP,"OXA-like CR-K. pneumoniae, ATLAS 2020",98.12555084745763,80.4,79.27514830508476,0,80.015,0,3.46,-3.585,USER_INPUT,SCENARIO_GENERATION,USER_REVIEW_REQUIRED
TOX_128,CAZ toxicity threshold = 128 mg/L,R13,121–150,2.5,6,INDIA2022_OXA48_KP,"OXA-48-like CR-K. pneumoniae, India",96.03632352941177,80.40000000000003,77.46297794117649,0,80.015,0,3.46,-3.585,USER_INPUT,SCENARIO_GENERATION,USER_REVIEW_REQUIRED
TOX_128,CAZ toxicity threshold = 128 mg/L,R13,121–150,2.5,6,FR2024_OXA484_SERINE_ONLY,"French OXA-484 Enterobacterales, serine-only",99.71316666666667,80.4,80.39358333333334,0,80.015,0,3.46,-3.585,USER_INPUT,SCENARIO_GENERATION,USER_REVIEW_REQUIRED
