scenario,replicate,rho_true,rho_estimated,c_estimated,ofv,ofv_rho_fixed_true,lrt_rho_true,ofv_rho_fixed_094,lrt_rho_094,seconds
"correct, rho = 0.94",4,0.940000,0.987682,0.566236,-758.732043,-755.649476,3.082567,-755.649476,3.082567,253.185023
correctly specified,5,0.588391,0.466064,0.555261,-752.931316,-752.375246,0.556069,,,261.004525
"correct, rho = 0.94",6,0.940000,0.946252,0.657253,-769.166664,-769.125574,0.041090,-769.125574,0.041090,269.334385
correctly specified,3,0.588391,0.706356,0.597882,-759.347491,-758.543135,0.804357,,,276.781821
correctly specified,1,0.588391,0.231728,0.540801,-758.618790,-755.150713,3.468076,,,277.256540
"correct, rho = 0.94",2,0.940000,0.916335,0.485956,-830.635663,-830.194509,0.441154,-830.194509,0.441154,284.774464
"correct, rho = 0.94",5,0.940000,0.958725,0.695752,-802.994827,-802.688548,0.306280,-802.688548,0.306280,285.106101
"correct, rho = 0.94",1,0.940000,0.880225,0.653149,-785.420528,-783.962762,1.457767,-783.962762,1.457767,288.711900
"correct, rho = 0.94",3,0.940000,0.909220,0.588198,-823.408253,-822.839512,0.568741,-822.839512,0.568741,290.584834
correctly specified,2,0.588391,0.809066,0.727307,-805.401717,-801.923162,3.478556,,,342.064909
correctly specified,6,0.588391,0.697521,0.506739,-767.897087,-767.259462,0.637625,,,213.144125
"correct, rho = 0.94",8,0.940000,0.937216,0.577571,-787.241697,-787.237005,0.004693,-787.237005,0.004693,217.357488
correctly specified,7,0.588391,0.775790,0.699966,-741.575478,-739.195281,2.380198,,,235.433958
"correct, rho = 0.94",7,0.940000,0.950288,0.507599,-789.863838,-789.776304,0.087534,-789.776304,0.087534,237.207669
correctly specified,8,0.588391,0.359588,0.639352,-774.076232,-772.434417,1.641816,,,239.055987
"correct, rho = 0.94",9,0.940000,0.967715,0.566753,-801.078784,-800.016403,1.062381,-800.016403,1.062381,250.332602
correctly specified,4,0.588391,0.429236,0.599358,-703.383536,-702.588535,0.795000,,,468.078806
correctly specified,10,0.588391,0.586860,0.682419,-794.609259,-794.609181,0.000078,,,277.928533
"correct, rho = 0.94",10,0.940000,0.952255,0.678421,-777.932551,-777.744898,0.187652,-777.744898,0.187652,310.492566
correctly specified,9,0.588391,0.762577,0.619660,-720.113546,-718.238583,1.874963,,,321.051891
correctly specified,11,0.588391,0.270868,0.552849,-771.792321,-768.849526,2.942795,,,299.838199
"correct, rho = 0.94",11,0.940000,0.931773,0.645866,-848.181819,-848.123627,0.058192,-848.123627,0.058192,322.337686
"correct, rho = 0.94",12,0.940000,0.904713,0.704796,-840.575443,-839.717411,0.858032,-839.717411,0.858032,322.338704
correctly specified,12,0.588391,0.488102,0.586516,-743.704681,-743.346062,0.358619,,,303.339879
correctly specified,14,0.588391,0.497204,0.581555,-773.409425,-773.097201,0.312224,,,301.598887
"correct, rho = 0.94",13,0.940000,0.973084,0.518796,-784.523778,-782.611179,1.912599,-782.611179,1.912599,335.909958
"correct, rho = 0.94",14,0.940000,0.956688,0.613228,-779.982486,-779.649108,0.333379,-779.649108,0.333379,327.371771
correctly specified,15,0.588391,0.533624,0.625201,-746.722798,-746.603335,0.119463,,,308.480621
correctly specified,13,0.588391,0.720414,0.642912,-793.037918,-792.067765,0.970153,,,357.532974
"correct, rho = 0.94",15,0.940000,0.973406,0.627314,-780.590857,-778.717403,1.873454,-778.717403,1.873454,345.825906
correctly specified,16,0.588391,0.422922,0.606338,-740.845301,-739.890553,0.954748,,,271.458735
"correct, rho = 0.94",17,0.940000,0.902605,0.645510,-804.551382,-803.603114,0.948269,-803.603114,0.948269,287.695428
correctly specified,17,0.588391,0.759355,0.776576,-782.492885,-780.601966,1.890919,,,279.556154
correctly specified,18,0.588391,0.552947,0.579902,-749.625989,-749.573743,0.052246,,,277.684621
"correct, rho = 0.94",19,0.940000,0.977378,0.600475,-829.692768,-827.704634,1.988134,-827.704634,1.988134,321.709506
"correct, rho = 0.94",16,0.940000,0.987405,0.535734,-804.128552,-799.447481,4.681072,-799.447481,4.681072,486.300176
"correct, rho = 0.94",18,0.940000,0.955735,0.549523,-822.751055,-822.466505,0.284551,-822.466505,0.284551,438.164223
correctly specified,19,0.588391,0.692071,0.672608,-727.361844,-726.767536,0.594309,,,222.963880
correctly specified,20,0.588391,0.583275,0.622767,-768.953482,-768.952290,0.001192,,,198.315588
correctly specified,21,0.588391,0.607880,0.571255,-769.127770,-769.113419,0.014351,,,180.664967
"correct, rho = 0.94",21,0.940000,0.981815,0.722728,-779.645221,-775.935220,3.710000,-775.935220,3.710000,292.096107
"correct, rho = 0.94",20,0.940000,0.835591,0.659978,-839.210001,-835.920997,3.289004,-835.920997,3.289004,319.596751
"correct, rho = 0.94",22,0.940000,0.964146,0.419929,-855.605972,-854.991482,0.614490,-854.991482,0.614490,214.085420
"correct, rho = 0.94",23,0.940000,0.945124,0.734826,-773.990664,-773.964655,0.026009,-773.964655,0.026009,180.908182
correctly specified,22,0.588391,0.773878,0.404257,-732.301640,-730.100240,2.201400,,,212.826506
correctly specified,23,0.588391,0.407695,0.566598,-795.438750,-794.402543,1.036207,,,271.829333
correctly specified,25,0.588391,0.599909,0.571881,-780.579064,-780.573025,0.006039,,,162.235516
correctly specified,24,0.588391,0.363826,0.557704,-796.195555,-794.606503,1.589052,,,192.773006
"correct, rho = 0.94",25,0.940000,0.969844,0.620945,-812.942704,-811.820468,1.122235,-811.820468,1.122235,192.401634
"correct, rho = 0.94",24,0.940000,0.917939,0.604850,-808.976401,-808.607642,0.368759,-808.607642,0.368759,289.537662
correctly specified,26,0.588391,0.568346,0.625003,-768.382481,-768.365659,0.016822,,,183.110998
"correct, rho = 0.94",26,0.940000,0.991146,0.593169,-790.641776,-783.056810,7.584967,-783.056810,7.584967,250.401289
"correct, rho = 0.94",38,0.940000,0.909936,0.662514,-771.938800,-771.278932,0.659868,-771.278932,0.659868,298.480578
"correct, rho = 0.94",40,0.940000,0.961687,0.633184,-845.203204,-844.482538,0.720666,-844.482538,0.720666,305.155430
"correct, rho = 0.94",29,0.940000,0.780115,0.660506,-770.438587,-763.403716,7.034871,-763.403716,7.034871,306.785194
"correct, rho = 0.94",36,0.940000,0.884844,0.588635,-813.935903,-812.354733,1.581170,-812.354733,1.581170,310.694206
"correct, rho = 0.94",39,0.940000,0.914793,0.600167,-773.811644,-773.370668,0.440975,-773.370668,0.440975,313.309093
"correct, rho = 0.94",33,0.940000,0.945058,0.581976,-766.518932,-766.490724,0.028208,-766.490724,0.028208,316.895523
"correct, rho = 0.94",35,0.940000,0.917446,0.650168,-776.127569,-775.772588,0.354981,-775.772588,0.354981,317.465312
"correct, rho = 0.94",32,0.940000,0.975707,0.610239,-797.084167,-794.740314,2.343853,-794.740314,2.343853,327.205367
"correct, rho = 0.94",37,0.940000,0.943824,0.604929,-815.780395,-815.766905,0.013490,-815.766905,0.013490,327.385003
"correct, rho = 0.94",28,0.940000,0.880127,0.570226,-839.443927,-837.827429,1.616498,-837.827429,1.616498,339.821851
"correct, rho = 0.94",30,0.940000,0.909165,0.631583,-759.040444,-758.378713,0.661731,-758.378713,0.661731,360.964854
"correct, rho = 0.94",31,0.940000,0.915366,0.521253,-798.085635,-797.672491,0.413144,-797.672491,0.413144,371.945641
"correct, rho = 0.94",27,0.940000,0.908051,0.522291,-808.750353,-808.095509,0.654845,-808.095509,0.654845,389.110135
"correct, rho = 0.94",34,0.940000,0.937830,0.581377,-816.371761,-816.367144,0.004617,-816.367144,0.004617,395.223250
"correct, rho = 0.94",41,0.940000,0.946376,0.632146,-781.965648,-781.925907,0.039742,-781.925907,0.039742,283.368912
"correct, rho = 0.94",46,0.940000,0.922645,0.611190,-781.872670,-781.685147,0.187523,-781.685147,0.187523,285.171062
"correct, rho = 0.94",44,0.940000,0.945797,0.587788,-760.042779,-760.018401,0.024378,-760.018401,0.024378,294.996982
"correct, rho = 0.94",42,0.940000,0.946156,0.718342,-809.106659,-809.071339,0.035319,-809.071339,0.035319,315.002247
"correct, rho = 0.94",43,0.940000,0.942926,0.698807,-811.057896,-811.048600,0.009296,-811.048600,0.009296,313.790856
"correct, rho = 0.94",48,0.940000,0.980249,0.631114,-748.298650,-745.594991,2.703660,-745.594991,2.703660,300.949398
"correct, rho = 0.94",45,0.940000,0.934194,0.688596,-807.534948,-807.500146,0.034802,-807.500146,0.034802,315.390596
"correct, rho = 0.94",47,0.940000,0.977965,0.602612,-786.743504,-783.471084,3.272419,-783.471084,3.272419,313.495857
"correct, rho = 0.94",49,0.940000,0.932450,0.722682,-797.947845,-797.898255,0.049591,-797.898255,0.049591,308.579332
"correct, rho = 0.94",50,0.940000,0.896510,0.626416,-781.871224,-780.688372,1.182852,-780.688372,1.182852,307.919150
"correct, rho = 0.94",51,0.940000,0.955037,0.657917,-822.569940,-822.247868,0.322072,-822.247868,0.322072,313.913591
"correct, rho = 0.94",54,0.940000,0.884512,0.638891,-825.285988,-823.633006,1.652981,-823.633006,1.652981,295.310009
"correct, rho = 0.94",53,0.940000,0.927793,0.529646,-781.111807,-781.050020,0.061787,-781.050020,0.061787,309.989334
"correct, rho = 0.94",52,0.940000,0.943205,0.709278,-795.583961,-795.571381,0.012580,-795.571381,0.012580,340.301444
"correct, rho = 0.94",55,0.940000,0.953312,0.635379,-820.098816,-819.859906,0.238910,-819.859906,0.238910,290.942212
"correct, rho = 0.94",62,0.940000,0.896124,0.664782,-817.518371,-816.236779,1.281592,-816.236779,1.281592,283.511612
"correct, rho = 0.94",59,0.940000,0.848865,0.674262,-801.396243,-798.008864,3.387379,-798.008864,3.387379,296.920511
"correct, rho = 0.94",63,0.940000,0.898866,0.665427,-838.315083,-837.162287,1.152796,-837.162287,1.152796,291.166067
"correct, rho = 0.94",64,0.940000,0.934108,0.652885,-814.073057,-814.050293,0.022764,-814.050293,0.022764,282.943657
"correct, rho = 0.94",58,0.940000,0.968824,0.611386,-828.852249,-827.660173,1.192076,-827.660173,1.192076,311.283636
"correct, rho = 0.94",61,0.940000,0.981048,0.606643,-804.350377,-803.019829,1.330548,-803.019829,1.330548,319.261383
"correct, rho = 0.94",60,0.940000,0.973244,0.678533,-795.851398,-794.344550,1.506849,-794.344550,1.506849,337.639547
"correct, rho = 0.94",66,0.940000,0.901092,0.558189,-835.378271,-834.326912,1.051359,-834.326912,1.051359,275.735098
"correct, rho = 0.94",65,0.940000,0.972639,0.562027,-793.951102,-792.023267,1.927835,-792.023267,1.927835,300.320023
"correct, rho = 0.94",67,0.940000,0.940127,0.437086,-783.145611,-783.145589,0.000022,-783.145589,0.000022,276.574075
"correct, rho = 0.94",57,0.940000,0.972011,0.534320,-816.362611,-815.205211,1.157401,-815.205211,1.157401,369.914235
"correct, rho = 0.94",68,0.940000,0.926889,0.662570,-779.541606,-779.394480,0.147126,-779.394480,0.147126,293.718356
"correct, rho = 0.94",56,0.940000,0.907222,0.629761,-807.455893,-806.805535,0.650358,-806.805535,0.650358,573.487210
"correct, rho = 0.94",71,0.940000,0.924897,0.697021,-815.349992,-815.137306,0.212687,-815.137306,0.212687,304.243876
"correct, rho = 0.94",70,0.940000,0.949371,0.589641,-756.246514,-756.182776,0.063739,-756.182776,0.063739,328.154049
"correct, rho = 0.94",69,0.940000,0.978081,0.569350,-786.105919,-783.563185,2.542735,-783.563185,2.542735,374.792390
"correct, rho = 0.94",72,0.940000,0.975511,0.499596,-809.087808,-807.745548,1.342260,-807.745548,1.342260,322.135743
"correct, rho = 0.94",73,0.940000,0.976147,0.593921,-812.446089,-809.923883,2.522206,-809.923883,2.522206,341.948552
"correct, rho = 0.94",75,0.940000,0.980105,0.629106,-815.999069,-813.869663,2.129406,-813.869663,2.129406,345.628025
"correct, rho = 0.94",74,0.940000,0.935768,0.674539,-835.311710,-835.298977,0.012733,-835.298977,0.012733,364.335161
"correct, rho = 0.94",77,0.940000,0.944831,0.733252,-790.621316,-790.593837,0.027479,-790.593837,0.027479,331.861569
"correct, rho = 0.94",80,0.940000,0.975125,0.557358,-782.475423,-781.373722,1.101702,-781.373722,1.101702,328.781116
"correct, rho = 0.94",81,0.940000,0.892942,0.580990,-804.312404,-802.799014,1.513390,-802.799014,1.513390,321.658754
"correct, rho = 0.94",79,0.940000,0.885823,0.699771,-823.719967,-822.013363,1.706603,-822.013363,1.706603,361.182939
"correct, rho = 0.94",76,0.940000,0.955084,0.538226,-811.822274,-811.564813,0.257461,-811.564813,0.257461,372.468837
"correct, rho = 0.94",78,0.940000,0.950248,0.432053,-825.037860,-824.947966,0.089895,-824.947966,0.089895,396.175791
"correct, rho = 0.94",82,0.940000,0.970437,0.542626,-781.312193,-779.914046,1.398147,-779.914046,1.398147,323.002675
"correct, rho = 0.94",84,0.940000,0.958733,0.591194,-803.419983,-803.014481,0.405502,-803.014481,0.405502,342.137289
"correct, rho = 0.94",86,0.940000,0.940045,0.715224,-784.056917,-784.056916,0.000001,-784.056916,0.000001,340.615592
"correct, rho = 0.94",85,0.940000,0.947167,0.580851,-786.576397,-786.516024,0.060373,-786.516024,0.060373,344.757788
"correct, rho = 0.94",87,0.940000,0.937764,0.666020,-782.563725,-782.558968,0.004757,-782.558968,0.004757,335.635766
"correct, rho = 0.94",83,0.940000,0.905825,0.766927,-829.514634,-828.663433,0.851200,-828.663433,0.851200,391.583640
"correct, rho = 0.94",89,0.940000,0.975988,0.595248,-819.913374,-817.268127,2.645247,-817.268127,2.645247,349.314089
"correct, rho = 0.94",93,0.940000,0.985999,0.581543,-805.999033,-802.399145,3.599888,-802.399145,3.599888,338.361899
"correct, rho = 0.94",91,0.940000,0.904383,0.532576,-835.365325,-834.634120,0.731205,-834.634120,0.731205,378.260542
"correct, rho = 0.94",90,0.940000,0.852650,0.631386,-807.689566,-805.114656,2.574911,-805.114656,2.574911,403.614990
"correct, rho = 0.94",95,0.940000,0.883607,0.528914,-789.498416,-787.946018,1.552398,-787.946018,1.552398,358.779540
"correct, rho = 0.94",88,0.940000,0.987690,0.739226,-823.048229,-818.401761,4.646468,-818.401761,4.646468,463.767378
"correct, rho = 0.94",94,0.940000,0.966394,0.682702,-810.484193,-809.315430,1.168763,-809.315430,1.168763,432.877091
"correct, rho = 0.94",96,0.940000,0.969328,0.594983,-802.328736,-800.804581,1.524155,-800.804581,1.524155,322.046959
"correct, rho = 0.94",92,0.940000,0.964559,0.601320,-809.381748,-808.808885,0.572863,-808.808885,0.572863,497.519166
"correct, rho = 0.94",98,0.940000,0.971304,0.516840,-793.186254,-791.740372,1.445881,-791.740372,1.445881,316.178078
"correct, rho = 0.94",97,0.940000,0.984335,0.597849,-842.645165,-839.274895,3.370270,-839.274895,3.370270,344.386012
"correct, rho = 0.94",100,0.940000,0.943116,0.744067,-805.711256,-805.700747,0.010509,-805.700747,0.010509,361.625183
"correct, rho = 0.94",102,0.940000,0.976750,0.725057,-779.149080,-776.633796,2.515284,-776.633796,2.515284,328.102466
"correct, rho = 0.94",103,0.940000,0.918239,0.592228,-772.836116,-772.438219,0.397897,-772.438219,0.397897,308.010829
"correct, rho = 0.94",101,0.940000,0.893196,0.506737,-807.176633,-805.870496,1.306137,-805.870496,1.306137,380.598948
"correct, rho = 0.94",99,0.940000,0.932147,0.730191,-805.978152,-805.936051,0.042101,-805.936051,0.042101,405.548378
"correct, rho = 0.94",104,0.940000,0.952255,0.669367,-764.798386,-764.667166,0.131220,-764.667166,0.131220,324.344916
"correct, rho = 0.94",106,0.940000,0.976832,0.508168,-779.939564,-777.669142,2.270422,-777.669142,2.270422,314.474603
"correct, rho = 0.94",108,0.940000,0.951250,0.550431,-781.586341,-781.423408,0.162933,-781.423408,0.162933,286.051195
"correct, rho = 0.94",105,0.940000,0.957848,0.647107,-795.265183,-794.869326,0.395857,-794.869326,0.395857,357.710765
"correct, rho = 0.94",107,0.940000,0.961616,0.557345,-839.761989,-839.312087,0.449902,-839.312087,0.449902,369.223848
"correct, rho = 0.94",109,0.940000,0.914536,0.670834,-790.513567,-790.223798,0.289769,-790.223798,0.289769,317.438405
"correct, rho = 0.94",110,0.940000,0.952422,0.673874,-826.039307,-825.832038,0.207269,-825.832038,0.207269,356.339279
"correct, rho = 0.94",111,0.940000,0.948763,0.612939,-858.917332,-858.817090,0.100243,-858.817090,0.100243,313.791368
"correct, rho = 0.94",112,0.940000,0.937562,0.600319,-846.904291,-846.897550,0.006741,-846.897550,0.006741,314.992814
"correct, rho = 0.94",113,0.940000,0.987697,0.605564,-811.861356,-805.957443,5.903913,-805.957443,5.903913,321.656639
"correct, rho = 0.94",118,0.940000,0.956948,0.512903,-783.292133,-782.927674,0.364458,-782.927674,0.364458,290.390822
"correct, rho = 0.94",117,0.940000,0.909935,0.422740,-783.060507,-782.546924,0.513583,-782.546924,0.513583,308.350485
"correct, rho = 0.94",116,0.940000,0.947741,0.636790,-809.198231,-809.131413,0.066818,-809.131413,0.066818,321.524840
"correct, rho = 0.94",115,0.940000,0.968556,0.529142,-803.800604,-802.542586,1.258017,-802.542586,1.258017,339.216791
"correct, rho = 0.94",114,0.940000,0.964441,0.570051,-784.197329,-783.386947,0.810382,-783.386947,0.810382,375.740578
"correct, rho = 0.94",120,0.940000,0.954616,0.587762,-805.132201,-804.844085,0.288115,-804.844085,0.288115,312.013197
"correct, rho = 0.94",121,0.940000,0.945559,0.551436,-787.541234,-787.513355,0.027879,-787.513355,0.027879,320.962378
"correct, rho = 0.94",119,0.940000,0.967086,0.581785,-795.468122,-794.807755,0.660367,-794.807755,0.660367,346.882062
"correct, rho = 0.94",123,0.940000,0.987044,0.506178,-842.026769,-838.539663,3.487106,-838.539663,3.487106,332.109718
"correct, rho = 0.94",124,0.940000,0.892067,0.474833,-780.067431,-778.734251,1.333180,-778.734251,1.333180,301.011434
"correct, rho = 0.94",125,0.940000,0.994290,0.702102,-819.644289,-813.873013,5.771276,-813.873013,5.771276,335.528335
"correct, rho = 0.94",127,0.940000,0.974826,0.549190,-775.282508,-773.442157,1.840351,-773.442157,1.840351,300.750412
"correct, rho = 0.94",129,0.940000,0.939244,0.623148,-767.147664,-767.147058,0.000606,-767.147058,0.000606,293.112529
"correct, rho = 0.94",132,0.940000,0.920871,0.720137,-794.167448,-793.850827,0.316620,-793.850827,0.316620,259.303192
"correct, rho = 0.94",126,0.940000,0.972288,0.528117,-798.981589,-797.542569,1.439020,-797.542569,1.439020,379.201582
"correct, rho = 0.94",122,0.940000,0.756177,0.714571,-839.133104,-831.700443,7.432661,-831.700443,7.432661,502.629039
"correct, rho = 0.94",130,0.940000,0.899915,0.642211,-777.623383,-776.512988,1.110395,-776.512988,1.110395,335.472039
"correct, rho = 0.94",133,0.940000,0.930947,0.698668,-795.751556,-795.687422,0.064133,-795.687422,0.064133,309.210541
"correct, rho = 0.94",128,0.940000,0.964691,0.518975,-809.510798,-808.667789,0.843009,-808.667789,0.843009,383.882231
"correct, rho = 0.94",131,0.940000,0.945765,0.653859,-771.028704,-770.986318,0.042386,-770.986318,0.042386,372.917113
"correct, rho = 0.94",134,0.940000,0.893319,0.649313,-753.693330,-752.296142,1.397188,-752.296142,1.397188,324.538247
"correct, rho = 0.94",135,0.940000,0.938670,0.579605,-796.840139,-796.838313,0.001826,-796.838313,0.001826,330.099976
"correct, rho = 0.94",136,0.940000,0.943835,0.607886,-828.055936,-828.039617,0.016319,-828.039617,0.016319,305.218606
"correct, rho = 0.94",137,0.940000,0.965157,0.611718,-831.681853,-831.027716,0.654136,-831.027716,0.654136,313.816512
"correct, rho = 0.94",138,0.940000,0.944093,0.651356,-810.716669,-810.701061,0.015608,-810.701061,0.015608,290.115808
"correct, rho = 0.94",139,0.940000,0.904830,0.512395,-778.906588,-778.066415,0.840173,-778.066415,0.840173,279.733274
"correct, rho = 0.94",140,0.940000,0.939997,0.466740,-761.380062,-761.380061,0.000001,-761.380061,0.000001,292.672128
"correct, rho = 0.94",141,0.940000,0.946786,0.616983,-789.348265,-789.304660,0.043605,-789.304660,0.043605,291.037156
"correct, rho = 0.94",143,0.940000,0.927296,0.671089,-844.265569,-844.101793,0.163775,-844.101793,0.163775,282.577071
"correct, rho = 0.94",142,0.940000,0.966665,0.609457,-817.249665,-816.121923,1.127742,-816.121923,1.127742,328.960805
"correct, rho = 0.94",145,0.940000,0.944847,0.617015,-798.370581,-798.343856,0.026725,-798.343856,0.026725,279.859621
"correct, rho = 0.94",144,0.940000,0.963095,0.601081,-787.809028,-787.009117,0.799911,-787.009117,0.799911,310.418705
"correct, rho = 0.94",147,0.940000,0.955001,0.674547,-806.446423,-806.237197,0.209226,-806.237197,0.209226,307.134389
"correct, rho = 0.94",148,0.940000,0.921243,0.746612,-772.064993,-771.800821,0.264173,-771.800821,0.264173,308.435040
"correct, rho = 0.94",149,0.940000,0.958106,0.630325,-819.183285,-818.843148,0.340137,-818.843148,0.340137,319.251908
"correct, rho = 0.94",146,0.940000,0.989304,0.512714,-812.688205,-807.118006,5.570199,-807.118006,5.570199,385.769969
"correct, rho = 0.94",152,0.940000,0.969032,0.580711,-776.382615,-774.736825,1.645790,-774.736825,1.645790,289.365276
"correct, rho = 0.94",153,0.940000,0.947700,0.650596,-778.392476,-778.309820,0.082656,-778.309820,0.082656,269.463715
"correct, rho = 0.94",154,0.940000,0.832018,0.469263,-811.777665,-807.998643,3.779021,-807.998643,3.779021,260.383214
"correct, rho = 0.94",156,0.940000,0.926975,0.664523,-814.712419,-814.556266,0.156152,-814.556266,0.156152,260.196220
"correct, rho = 0.94",151,0.940000,0.948703,0.544542,-798.397193,-798.328649,0.068543,-798.328649,0.068543,393.528404
"correct, rho = 0.94",150,0.940000,0.931319,0.610180,-781.969005,-781.904675,0.064330,-781.904675,0.064330,436.557076
"correct, rho = 0.94",155,0.940000,0.967023,0.616432,-799.310644,-798.187110,1.123534,-798.187110,1.123534,327.632866
"correct, rho = 0.94",158,0.940000,0.933494,0.617891,-775.506046,-775.470814,0.035232,-775.470814,0.035232,287.310902
"correct, rho = 0.94",159,0.940000,0.895683,0.682891,-772.625577,-771.470128,1.155449,-771.470128,1.155449,305.691510
"correct, rho = 0.94",160,0.940000,0.941093,0.556924,-798.470247,-798.468904,0.001343,-798.468904,0.001343,289.821973
"correct, rho = 0.94",162,0.940000,0.915373,0.648168,-781.529023,-781.082891,0.446132,-781.082891,0.446132,259.128410
"correct, rho = 0.94",163,0.940000,0.920692,0.614759,-776.270562,-775.969945,0.300617,-775.969945,0.300617,260.785518
"correct, rho = 0.94",161,0.940000,0.857749,0.668307,-806.253176,-803.387967,2.865209,-803.387967,2.865209,321.633142
"correct, rho = 0.94",157,0.940000,0.926737,0.738702,-791.819284,-791.661502,0.157782,-791.661502,0.157782,433.618832
"correct, rho = 0.94",167,0.940000,0.930120,0.701739,-819.718592,-819.616313,0.102279,-819.616313,0.102279,262.967053
"correct, rho = 0.94",164,0.940000,0.810950,0.720110,-844.671592,-839.836338,4.835255,-839.836338,4.835255,301.485757
"correct, rho = 0.94",165,0.940000,0.967636,0.666743,-799.603123,-798.326426,1.276697,-798.326426,1.276697,304.185895
"correct, rho = 0.94",168,0.940000,0.951567,0.471588,-807.347070,-807.235954,0.111116,-807.235954,0.111116,274.028304
"correct, rho = 0.94",166,0.940000,0.928878,0.637185,-774.411425,-774.311175,0.100249,-774.311175,0.100249,316.386615
"correct, rho = 0.94",170,0.940000,0.962369,0.689393,-806.991376,-806.190615,0.800761,-806.190615,0.800761,256.009688
"correct, rho = 0.94",169,0.940000,0.896663,0.632484,-812.197257,-811.031886,1.165371,-811.031886,1.165371,277.792418
"correct, rho = 0.94",171,0.940000,0.976718,0.567193,-784.162677,-782.829937,1.332740,-782.829937,1.332740,269.641108
"correct, rho = 0.94",172,0.940000,0.919223,0.594922,-827.246945,-827.012703,0.234243,-827.012703,0.234243,266.353369
"correct, rho = 0.94",173,0.940000,0.958168,0.653249,-794.289501,-793.952139,0.337363,-793.952139,0.337363,274.635559
"correct, rho = 0.94",174,0.940000,0.914774,0.636159,-783.045002,-782.562530,0.482472,-782.562530,0.482472,267.528986
"correct, rho = 0.94",176,0.940000,0.902581,0.552806,-826.335276,-825.515784,0.819492,-825.515784,0.819492,299.941559
"correct, rho = 0.94",178,0.940000,0.959772,0.689070,-791.481703,-791.025282,0.456421,-791.025282,0.456421,252.312186
"correct, rho = 0.94",179,0.940000,0.898261,0.650234,-830.503043,-829.372033,1.131010,-829.372033,1.131010,253.439762
"correct, rho = 0.94",181,0.940000,0.971285,0.541757,-767.118071,-765.514675,1.603396,-765.514675,1.603396,247.127292
"correct, rho = 0.94",182,0.940000,0.937949,0.741540,-771.281336,-771.277057,0.004279,-771.277057,0.004279,253.030979
"correct, rho = 0.94",185,0.940000,0.922802,0.467203,-775.753569,-775.559690,0.193879,-775.559690,0.193879,258.463171
"correct, rho = 0.94",183,0.940000,0.987711,0.595591,-786.747192,-780.590971,6.156221,-780.590971,6.156221,291.904176
"correct, rho = 0.94",175,0.940000,0.919464,0.634746,-793.902518,-793.546568,0.355951,-793.546568,0.355951,449.460832
"correct, rho = 0.94",177,0.940000,0.825606,0.602008,-823.487250,-820.105771,3.381479,-820.105771,3.381479,428.717702
"correct, rho = 0.94",186,0.940000,0.955373,0.578634,-791.369904,-791.117789,0.252116,-791.117789,0.252116,307.646976
"correct, rho = 0.94",188,0.940000,0.927293,0.740395,-806.277419,-806.148241,0.129178,-806.148241,0.129178,289.492656
"correct, rho = 0.94",184,0.940000,0.956028,0.662744,-765.024070,-764.665713,0.358357,-764.665713,0.358357,372.701987
"correct, rho = 0.94",180,0.940000,0.980579,0.572888,-831.954646,-828.736400,3.218246,-828.736400,3.218246,468.707819
"correct, rho = 0.94",189,0.940000,0.961760,0.647824,-804.010097,-803.246075,0.764022,-803.246075,0.764022,285.653309
"correct, rho = 0.94",187,0.940000,0.955319,0.674436,-801.921255,-801.640660,0.280595,-801.640660,0.280595,406.132210
"correct, rho = 0.94",193,0.940000,0.929237,0.536789,-811.561781,-811.472376,0.089404,-811.472376,0.089404,262.875449
"correct, rho = 0.94",192,0.940000,0.765415,0.565712,-783.531431,-777.794857,5.736575,-777.794857,5.736575,284.978895
"correct, rho = 0.94",190,0.940000,0.903369,0.600415,-822.304553,-821.454805,0.849748,-821.454805,0.849748,316.285914
"correct, rho = 0.94",191,0.940000,0.969013,0.741483,-807.292258,-806.196699,1.095559,-806.196699,1.095559,346.731134
"correct, rho = 0.94",194,0.940000,0.972777,0.607611,-761.005144,-759.295399,1.709745,-759.295399,1.709745,272.124047
"correct, rho = 0.94",195,0.940000,0.980141,0.616859,-808.567029,-805.278429,3.288601,-805.278429,3.288601,281.668028
"correct, rho = 0.94",196,0.940000,0.948840,0.632201,-778.920979,-778.822248,0.098730,-778.822248,0.098730,281.502601
"correct, rho = 0.94",197,0.940000,0.943320,0.548697,-770.815805,-770.804632,0.011174,-770.804632,0.011174,279.858147
"correct, rho = 0.94",199,0.940000,0.935081,0.536744,-821.035945,-821.017261,0.018683,-821.017261,0.018683,254.510581
"correct, rho = 0.94",198,0.940000,0.944509,0.608058,-850.016185,-849.994212,0.021973,-849.994212,0.021973,281.315297
"correct, rho = 0.94",202,0.940000,0.953598,0.614282,-817.086704,-816.859506,0.227198,-816.859506,0.227198,275.809259
"correct, rho = 0.94",200,0.940000,0.977830,0.659502,-768.274547,-765.700726,2.573820,-765.700726,2.573820,349.291330
"correct, rho = 0.94",206,0.940000,0.927853,0.620289,-808.340314,-808.231711,0.108603,-808.231711,0.108603,261.655137
"correct, rho = 0.94",203,0.940000,0.909814,0.687125,-835.717012,-835.001243,0.715769,-835.001243,0.715769,335.130813
"correct, rho = 0.94",201,0.940000,0.947415,0.753554,-780.194215,-780.135897,0.058318,-780.135897,0.058318,396.019876
"correct, rho = 0.94",210,0.940000,0.924033,0.630071,-782.654133,-782.438183,0.215950,-782.438183,0.215950,259.191354
"correct, rho = 0.94",208,0.940000,0.918276,0.716044,-782.517500,-782.205714,0.311786,-782.205714,0.311786,293.541243
"correct, rho = 0.94",211,0.940000,0.887527,0.650935,-785.145972,-783.948202,1.197770,-783.948202,1.197770,289.366916
"correct, rho = 0.94",212,0.940000,0.947746,0.643810,-779.203535,-779.129783,0.073752,-779.129783,0.073752,290.460609
"correct, rho = 0.94",209,0.940000,0.961967,0.638859,-852.501231,-852.073935,0.427296,-852.073935,0.427296,357.473982
"correct, rho = 0.94",204,0.940000,0.965983,0.580300,-816.481453,-815.789724,0.691729,-815.789724,0.691729,429.781990
"correct, rho = 0.94",205,0.940000,0.999705,0.587892,-857.178067,-848.207992,8.970075,-848.207992,8.970075,464.214427
"correct, rho = 0.94",213,0.940000,0.972956,0.622347,-786.049037,-784.603163,1.445874,-784.603163,1.445874,357.372706
"correct, rho = 0.94",207,0.940000,0.935605,0.676106,-800.663957,-800.647464,0.016492,-800.647464,0.016492,466.941864
"correct, rho = 0.94",215,0.940000,0.909624,0.590822,-783.105094,-782.453805,0.651289,-782.453805,0.651289,304.444760
"correct, rho = 0.94",214,0.940000,0.984073,0.631734,-808.005401,-803.569726,4.435675,-803.569726,4.435675,341.291589
"correct, rho = 0.94",216,0.940000,0.952224,0.666225,-780.170071,-780.015647,0.154424,-780.015647,0.154424,322.446663
"correct, rho = 0.94",217,0.940000,0.935319,0.570774,-816.591342,-816.571000,0.020342,-816.571000,0.020342,285.632699
"correct, rho = 0.94",219,0.940000,0.941328,0.634055,-788.013944,-788.012446,0.001498,-788.012446,0.001498,294.555704
"correct, rho = 0.94",218,0.940000,0.961956,0.645820,-792.386726,-791.971908,0.414818,-791.971908,0.414818,303.222302
"correct, rho = 0.94",221,0.940000,0.959325,0.625031,-804.098171,-803.685094,0.413078,-803.685094,0.413078,314.515708
"correct, rho = 0.94",224,0.940000,0.915327,0.672169,-791.216251,-790.686414,0.529838,-790.686414,0.529838,296.763969
"correct, rho = 0.94",222,0.940000,0.981418,0.465175,-828.163431,-826.203430,1.960001,-826.203430,1.960001,316.497221
"correct, rho = 0.94",223,0.940000,0.954470,0.710093,-762.859623,-762.602399,0.257224,-762.602399,0.257224,367.915987
"correct, rho = 0.94",225,0.940000,0.955372,0.667621,-826.259455,-825.959192,0.300264,-825.959192,0.300264,349.718155
"correct, rho = 0.94",229,0.940000,0.907404,0.623882,-785.996017,-785.456914,0.539104,-785.456914,0.539104,274.712613
"correct, rho = 0.94",226,0.940000,0.934766,0.553664,-813.517237,-813.499611,0.017626,-813.499611,0.017626,335.776374
"correct, rho = 0.94",227,0.940000,0.987413,0.721750,-780.170457,-774.327474,5.842983,-774.327474,5.842983,350.339696
"correct, rho = 0.94",220,0.940000,0.881260,0.561627,-800.260127,-798.412718,1.847409,-798.412718,1.847409,527.938749
"correct, rho = 0.94",228,0.940000,0.981052,0.607644,-782.533094,-779.789824,2.743270,-779.789824,2.743270,352.558629
"correct, rho = 0.94",231,0.940000,0.913539,0.585960,-812.306561,-811.905371,0.401190,-811.905371,0.401190,307.170809
"correct, rho = 0.94",233,0.940000,0.833462,0.614833,-802.861780,-798.525625,4.336155,-798.525625,4.336155,309.111975
"correct, rho = 0.94",230,0.940000,0.888726,0.654752,-787.023286,-785.548678,1.474608,-785.548678,1.474608,336.668946
"correct, rho = 0.94",232,0.940000,0.993697,0.721876,-807.697224,-800.330881,7.366342,-800.330881,7.366342,368.101129
"correct, rho = 0.94",236,0.940000,0.974319,0.642039,-827.645494,-825.490779,2.154715,-825.490779,2.154715,292.793833
"correct, rho = 0.94",234,0.940000,0.953464,0.666678,-774.485956,-774.240175,0.245781,-774.240175,0.245781,316.593925
"correct, rho = 0.94",235,0.940000,0.916993,0.687204,-806.450831,-806.013279,0.437552,-806.013279,0.437552,311.092545
"correct, rho = 0.94",239,0.940000,0.925772,0.667610,-824.227722,-824.070408,0.157314,-824.070408,0.157314,283.399662
"correct, rho = 0.94",238,0.940000,0.938103,0.593012,-787.319456,-787.316539,0.002918,-787.316539,0.002918,290.971406
"correct, rho = 0.94",237,0.940000,0.979845,0.642935,-776.644544,-774.106228,2.538316,-774.106228,2.538316,324.487257
"correct, rho = 0.94",240,0.940000,0.945539,0.625466,-865.501977,-865.466845,0.035132,-865.466845,0.035132,334.364400
"correct, rho = 0.94",241,0.940000,0.941805,0.768721,-810.866479,-810.862793,0.003686,-810.862793,0.003686,319.206124
"correct, rho = 0.94",243,0.940000,0.958546,0.446026,-815.697086,-815.270530,0.426556,-815.270530,0.426556,313.546113
"correct, rho = 0.94",244,0.940000,0.974888,0.643985,-780.265181,-778.350305,1.914876,-778.350305,1.914876,283.286870
"correct, rho = 0.94",245,0.940000,0.953231,0.566306,-776.578522,-776.355352,0.223169,-776.355352,0.223169,274.037601
"correct, rho = 0.94",242,0.940000,0.943909,0.685819,-809.132207,-809.119639,0.012568,-809.119639,0.012568,330.092692
"correct, rho = 0.94",246,0.940000,0.981313,0.590473,-804.915878,-801.646389,3.269489,-801.646389,3.269489,279.740529
"correct, rho = 0.94",247,0.940000,0.991700,0.620123,-810.988494,-806.151321,4.837173,-806.151321,4.837173,297.728031
"correct, rho = 0.94",250,0.940000,0.961419,0.681839,-814.718787,-814.197562,0.521225,-814.197562,0.521225,292.997663
"correct, rho = 0.94",248,0.940000,0.881291,0.540407,-813.470760,-811.486063,1.984697,-811.486063,1.984697,325.876260
"correct, rho = 0.94",249,0.940000,0.976292,0.698005,-799.709604,-797.803660,1.905944,-797.803660,1.905944,340.107942
"correct, rho = 0.94",253,0.940000,0.919109,0.521030,-827.316096,-827.055730,0.260366,-827.055730,0.260366,269.980503
"correct, rho = 0.94",252,0.940000,0.979698,0.591903,-805.275250,-802.054152,3.221098,-802.054152,3.221098,304.514122
"correct, rho = 0.94",254,0.940000,0.911010,0.643249,-819.650028,-818.983737,0.666291,-818.983737,0.666291,260.235334
"correct, rho = 0.94",257,0.940000,0.957643,0.714204,-772.028523,-771.635895,0.392629,-771.635895,0.392629,259.633275
"correct, rho = 0.94",256,0.940000,0.839598,0.719385,-802.461037,-798.550999,3.910038,-798.550999,3.910038,277.695173
"correct, rho = 0.94",259,0.940000,0.996051,0.597917,-840.786639,-835.580145,5.206494,-835.580145,5.206494,306.171433
"correct, rho = 0.94",261,0.940000,0.967790,0.651014,-807.872978,-806.602646,1.270332,-806.602646,1.270332,259.818931
"correct, rho = 0.94",260,0.940000,0.965211,0.570720,-787.080504,-786.027663,1.052841,-786.027663,1.052841,376.507714
"correct, rho = 0.94",263,0.940000,0.932851,0.634483,-799.847605,-799.801043,0.046561,-799.801043,0.046561,250.100258
"correct, rho = 0.94",251,0.940000,0.963199,0.757516,-781.314009,-780.751893,0.562116,-780.751893,0.562116,494.092010
"correct, rho = 0.94",255,0.940000,0.955524,0.545908,-830.967971,-830.665545,0.302426,-830.665545,0.302426,419.385131
"correct, rho = 0.94",262,0.940000,0.965046,0.594795,-810.134814,-808.907625,1.227188,-808.907625,1.227188,280.913517
"correct, rho = 0.94",264,0.940000,0.957371,0.703493,-811.457163,-811.070289,0.386874,-811.070289,0.386874,275.929852
"correct, rho = 0.94",258,0.940000,0.956926,0.709109,-800.812613,-800.463446,0.349167,-800.463446,0.349167,460.690089
"correct, rho = 0.94",265,0.940000,0.881273,0.654319,-806.751846,-805.021379,1.730467,-805.021379,1.730467,282.265110
"correct, rho = 0.94",267,0.940000,0.960734,0.555636,-791.138722,-790.579120,0.559602,-790.579120,0.559602,256.787026
"correct, rho = 0.94",266,0.940000,0.833169,0.552544,-740.477861,-737.135007,3.342855,-737.135007,3.342855,265.829974
"correct, rho = 0.94",268,0.940000,0.964125,0.537331,-743.842135,-743.427568,0.414567,-743.427568,0.414567,302.468694
"correct, rho = 0.94",269,0.940000,0.960147,0.678081,-774.129709,-773.609962,0.519747,-773.609962,0.519747,315.041924
"correct, rho = 0.94",270,0.940000,0.891139,0.596970,-811.181273,-809.878636,1.302638,-809.878636,1.302638,282.547837
"correct, rho = 0.94",271,0.940000,0.976658,0.615552,-762.505566,-760.222822,2.282745,-760.222822,2.282745,285.045228
"correct, rho = 0.94",272,0.940000,0.944453,0.636206,-783.333362,-783.313929,0.019433,-783.313929,0.019433,295.379897
"correct, rho = 0.94",276,0.940000,0.966622,0.641612,-790.752857,-789.849783,0.903073,-789.849783,0.903073,305.303946
"correct, rho = 0.94",273,0.940000,0.996030,0.489655,-820.092240,-814.524803,5.567437,-814.524803,5.567437,338.798235
"correct, rho = 0.94",275,0.940000,0.914848,0.586813,-805.559058,-805.305095,0.253963,-805.305095,0.253963,346.816649
"correct, rho = 0.94",279,0.940000,0.922469,0.605896,-792.557955,-792.340465,0.217490,-792.340465,0.217490,296.934123
"correct, rho = 0.94",274,0.940000,0.965973,0.616425,-802.748383,-801.681251,1.067132,-801.681251,1.067132,380.756174
"correct, rho = 0.94",277,0.940000,0.964304,0.774726,-761.291388,-760.275037,1.016351,-760.275037,1.016351,345.330295
"correct, rho = 0.94",278,0.940000,0.897435,0.609170,-783.279087,-782.383455,0.895632,-782.383455,0.895632,319.709905
"correct, rho = 0.94",280,0.940000,0.960358,0.598479,-789.369802,-788.717576,0.652226,-788.717576,0.652226,323.318431
"correct, rho = 0.94",282,0.940000,0.980664,0.577034,-790.643398,-787.007933,3.635465,-787.007933,3.635465,329.812225
"correct, rho = 0.94",283,0.940000,0.922408,0.680648,-811.503308,-811.239058,0.264250,-811.239058,0.264250,345.724062
"correct, rho = 0.94",281,0.940000,0.934411,0.654378,-818.824264,-818.791209,0.033055,-818.791209,0.033055,462.330260
"correct, rho = 0.94",284,0.940000,0.955052,0.684726,-827.500821,-827.219868,0.280953,-827.219868,0.280953,388.527204
"correct, rho = 0.94",285,0.940000,0.963533,0.558817,-802.007919,-801.426845,0.581074,-801.426845,0.581074,352.827502
"correct, rho = 0.94",286,0.940000,0.929939,0.666588,-809.569124,-809.487984,0.081140,-809.487984,0.081140,373.529994
"correct, rho = 0.94",289,0.940000,0.940526,0.620879,-803.512569,-803.512309,0.000260,-803.512309,0.000260,317.097784
"correct, rho = 0.94",288,0.940000,0.972267,0.505684,-748.958120,-747.693320,1.264800,-747.693320,1.264800,337.097248
"correct, rho = 0.94",287,0.940000,0.891813,0.696139,-732.218395,-730.717593,1.500802,-730.717593,1.500802,377.591764
"correct, rho = 0.94",292,0.940000,0.921670,0.557336,-811.210076,-811.026083,0.183993,-811.026083,0.183993,345.072034
"correct, rho = 0.94",294,0.940000,0.963466,0.631026,-779.914665,-779.166860,0.747805,-779.166860,0.747805,332.876988
"correct, rho = 0.94",291,0.940000,0.835109,0.518912,-808.230925,-805.950413,2.280511,-805.950413,2.280511,362.620958
"correct, rho = 0.94",290,0.940000,0.888917,0.539501,-823.438174,-822.252203,1.185971,-822.252203,1.185971,389.325126
"correct, rho = 0.94",295,0.940000,0.938452,0.749015,-793.997599,-793.995177,0.002421,-793.995177,0.002421,343.265261
"correct, rho = 0.94",296,0.940000,0.947054,0.589895,-802.017166,-801.959599,0.057567,-801.959599,0.057567,340.984106
"correct, rho = 0.94",293,0.940000,1.000000,0.689189,-751.958207,-744.087188,7.871019,-744.087188,7.871019,542.102837
"correct, rho = 0.94",299,0.940000,0.970559,0.615655,-792.427583,-791.370074,1.057508,-791.370074,1.057508,355.718268
"correct, rho = 0.94",298,0.940000,0.906806,0.647447,-807.900976,-807.116085,0.784891,-807.116085,0.784891,362.831614
"correct, rho = 0.94",301,0.940000,0.932341,0.666304,-730.606717,-730.552241,0.054475,-730.552241,0.054475,314.161319
"correct, rho = 0.94",302,0.940000,0.960305,0.504253,-769.754548,-769.291811,0.462737,-769.291811,0.462737,359.201266
"correct, rho = 0.94",303,0.940000,0.948955,0.570038,-808.362537,-808.271013,0.091525,-808.271013,0.091525,350.721655
"correct, rho = 0.94",297,0.940000,0.971448,0.766208,-824.607465,-822.837718,1.769747,-822.837718,1.769747,497.292236
"correct, rho = 0.94",306,0.940000,0.907312,0.674694,-786.245244,-785.496629,0.748615,-785.496629,0.748615,316.559601
"correct, rho = 0.94",304,0.940000,0.931794,0.471461,-797.355809,-797.302787,0.053022,-797.302787,0.053022,354.818222
"correct, rho = 0.94",300,0.940000,0.958314,0.620981,-837.496440,-837.194590,0.301850,-837.194590,0.301850,445.954985
"correct, rho = 0.94",307,0.940000,0.970721,0.544391,-817.288661,-816.296684,0.991976,-816.296684,0.991976,376.846812
"correct, rho = 0.94",305,0.940000,0.961581,0.570281,-800.972348,-800.518306,0.454042,-800.518306,0.454042,402.107512
"correct, rho = 0.94",308,0.940000,0.949197,0.559422,-789.168533,-789.089803,0.078730,-789.089803,0.078730,312.280887
"correct, rho = 0.94",309,0.940000,0.860303,0.607950,-778.083519,-775.260658,2.822861,-775.260658,2.822861,291.587822
"correct, rho = 0.94",310,0.940000,0.957996,0.602521,-819.533093,-819.145247,0.387846,-819.145247,0.387846,287.141795
"correct, rho = 0.94",312,0.940000,0.933702,0.626773,-784.576420,-784.549166,0.027255,-784.549166,0.027255,302.819861
"correct, rho = 0.94",311,0.940000,0.962624,0.555310,-801.467925,-800.708098,0.759827,-800.708098,0.759827,315.825852
"correct, rho = 0.94",313,0.940000,0.839723,0.600914,-772.593024,-769.258975,3.334049,-769.258975,3.334049,297.966290
"correct, rho = 0.94",314,0.940000,0.950361,0.581895,-773.988752,-773.901017,0.087736,-773.901017,0.087736,287.425727
"correct, rho = 0.94",315,0.940000,0.951140,0.532735,-817.983908,-817.837491,0.146416,-817.837491,0.146416,306.325495
"correct, rho = 0.94",318,0.940000,0.956616,0.639173,-836.118267,-835.643269,0.474998,-835.643269,0.474998,308.967443
"correct, rho = 0.94",317,0.940000,0.981353,0.473763,-782.618648,-779.648461,2.970187,-779.648461,2.970187,336.126774
"correct, rho = 0.94",319,0.940000,0.966671,0.615800,-787.798767,-786.392319,1.406448,-786.392319,1.406448,320.750906
"correct, rho = 0.94",321,0.940000,0.940537,0.589484,-830.153401,-830.153149,0.000252,-830.153149,0.000252,307.338730
"correct, rho = 0.94",320,0.940000,0.944731,0.690628,-825.132323,-825.104515,0.027808,-825.104515,0.027808,322.018882
"correct, rho = 0.94",322,0.940000,0.931325,0.659313,-782.066980,-781.991802,0.075178,-781.991802,0.075178,314.962580
"correct, rho = 0.94",323,0.940000,0.892643,0.624351,-775.941921,-774.777182,1.164739,-774.777182,1.164739,348.169612
"correct, rho = 0.94",316,0.940000,0.932932,0.640060,-835.942467,-835.892514,0.049954,-835.892514,0.049954,504.704940
"correct, rho = 0.94",324,0.940000,0.938157,0.688337,-827.769003,-827.765483,0.003520,-827.765483,0.003520,368.848593
"correct, rho = 0.94",326,0.940000,0.966776,0.561083,-758.530856,-757.605446,0.925410,-757.605446,0.925410,353.284502
"correct, rho = 0.94",327,0.940000,0.911476,0.721406,-797.837658,-797.112537,0.725121,-797.112537,0.725121,342.944683
"correct, rho = 0.94",328,0.940000,0.939991,0.589520,-825.105096,-825.105096,0.000000,-825.105096,0.000000,332.643416
"correct, rho = 0.94",325,0.940000,0.954331,0.694407,-838.323592,-838.109571,0.214022,-838.109571,0.214022,428.687582
"correct, rho = 0.94",333,0.940000,0.950234,0.553922,-797.970765,-797.859481,0.111285,-797.859481,0.111285,353.933272
"correct, rho = 0.94",330,0.940000,0.982358,0.666313,-780.197293,-776.917951,3.279342,-776.917951,3.279342,412.159575
"correct, rho = 0.94",332,0.940000,0.950348,0.700635,-830.211136,-830.104744,0.106393,-830.104744,0.106393,399.531322
"correct, rho = 0.94",331,0.940000,0.878991,0.567480,-777.341479,-775.403126,1.938354,-775.403126,1.938354,443.926818
"correct, rho = 0.94",336,0.940000,0.919332,0.648953,-853.910464,-853.609051,0.301412,-853.609051,0.301412,402.989791
"correct, rho = 0.94",337,0.940000,0.954592,0.607108,-773.221375,-772.922768,0.298607,-772.922768,0.298607,380.921602
"correct, rho = 0.94",329,0.940000,0.972685,0.594948,-788.427110,-786.698985,1.728125,-786.698985,1.728125,590.047332
"correct, rho = 0.94",335,0.940000,0.976059,0.720331,-791.377243,-788.790903,2.586340,-788.790903,2.586340,479.885269
"correct, rho = 0.94",339,0.940000,0.947136,0.651926,-784.469728,-784.418856,0.050872,-784.418856,0.050872,362.885683
"correct, rho = 0.94",340,0.940000,0.931837,0.604367,-793.843750,-793.785129,0.058621,-793.785129,0.058621,378.609918
"correct, rho = 0.94",338,0.940000,0.901914,0.665381,-815.510997,-814.500777,1.010219,-814.500777,1.010219,430.380658
"correct, rho = 0.94",341,0.940000,0.929311,0.703095,-804.574081,-804.501883,0.072198,-804.501883,0.072198,366.443594
"correct, rho = 0.94",342,0.940000,0.975291,0.644231,-783.084071,-781.485013,1.599058,-781.485013,1.599058,421.447592
"correct, rho = 0.94",334,0.940000,0.968734,0.584041,-770.936837,-769.766085,1.170751,-769.766085,1.170751,678.822417
"correct, rho = 0.94",343,0.940000,0.968950,0.680013,-822.312538,-821.305906,1.006633,-821.305906,1.006633,386.695500
"correct, rho = 0.94",346,0.940000,0.990654,0.689577,-785.657538,-778.839893,6.817645,-778.839893,6.817645,389.290586
"correct, rho = 0.94",344,0.940000,0.930584,0.685520,-809.212787,-809.129108,0.083679,-809.129108,0.083679,450.620772
"correct, rho = 0.94",349,0.940000,0.951757,0.557169,-777.809517,-777.701660,0.107857,-777.701660,0.107857,333.837501
"correct, rho = 0.94",345,0.940000,0.976652,0.620011,-793.768938,-791.470701,2.298237,-791.470701,2.298237,444.832397
"correct, rho = 0.94",348,0.940000,0.897443,0.613034,-812.000658,-810.850188,1.150470,-810.850188,1.150470,367.921464
"correct, rho = 0.94",350,0.940000,0.923905,0.646140,-766.767055,-766.519629,0.247426,-766.519629,0.247426,370.039709
"correct, rho = 0.94",347,0.940000,0.785377,0.745141,-826.577523,-819.512781,7.064742,-819.512781,7.064742,398.309081
"correct, rho = 0.94",352,0.940000,0.976553,0.648233,-805.039116,-802.119965,2.919151,-802.119965,2.919151,378.975492
"correct, rho = 0.94",351,0.940000,0.953164,0.709770,-809.242665,-809.083492,0.159174,-809.083492,0.159174,420.450801
"correct, rho = 0.94",354,0.940000,0.958785,0.689724,-787.917167,-787.671835,0.245332,-787.671835,0.245332,398.720214
"correct, rho = 0.94",353,0.940000,0.908391,0.441549,-824.827595,-824.393871,0.433724,-824.393871,0.433724,431.427728
"correct, rho = 0.94",355,0.940000,0.920760,0.664615,-787.604763,-787.295999,0.308764,-787.295999,0.308764,419.590252
"correct, rho = 0.94",357,0.940000,0.886141,0.587464,-795.574403,-793.932952,1.641452,-793.932952,1.641452,352.723748
"correct, rho = 0.94",358,0.940000,0.946286,0.675129,-806.911898,-806.880914,0.030983,-806.880914,0.030983,370.203826
"correct, rho = 0.94",361,0.940000,0.970963,0.633266,-790.565012,-789.011649,1.553363,-789.011649,1.553363,358.891140
"correct, rho = 0.94",360,0.940000,0.953826,0.748492,-811.071957,-810.845633,0.226324,-810.845633,0.226324,361.861017
"correct, rho = 0.94",359,0.940000,0.973442,0.681901,-801.715332,-799.690152,2.025180,-799.690152,2.025180,408.122488
"correct, rho = 0.94",363,0.940000,0.972582,0.445534,-792.052991,-790.067551,1.985440,-790.067551,1.985440,376.399458
"correct, rho = 0.94",364,0.940000,0.923252,0.679800,-816.339105,-816.105592,0.233513,-816.105592,0.233513,400.828377
"correct, rho = 0.94",365,0.940000,0.929127,0.548342,-850.324874,-850.221883,0.102991,-850.221883,0.102991,381.673417
"correct, rho = 0.94",366,0.940000,0.970784,0.587820,-787.318326,-785.876709,1.441617,-785.876709,1.441617,370.722513
"correct, rho = 0.94",356,0.940000,0.975177,0.624094,-847.577276,-845.662163,1.915112,-845.662163,1.915112,633.785299
"correct, rho = 0.94",367,0.940000,0.930427,0.675656,-777.110333,-777.044953,0.065380,-777.044953,0.065380,362.920365
"correct, rho = 0.94",368,0.940000,0.975872,0.625764,-817.976852,-816.524789,1.452063,-816.524789,1.452063,393.576748
"correct, rho = 0.94",362,0.940000,0.977267,0.630716,-835.983684,-833.294660,2.689024,-833.294660,2.689024,553.961913
"correct, rho = 0.94",370,0.940000,0.951646,0.536252,-774.301964,-774.122576,0.179388,-774.122576,0.179388,330.516398
"correct, rho = 0.94",369,0.940000,0.933988,0.683679,-781.249634,-781.219207,0.030428,-781.219207,0.030428,361.566514
"correct, rho = 0.94",371,0.940000,0.940795,0.530493,-825.873935,-825.873373,0.000562,-825.873373,0.000562,323.433832
"correct, rho = 0.94",373,0.940000,0.956438,0.616308,-783.813249,-783.568720,0.244530,-783.568720,0.244530,307.006303
"correct, rho = 0.94",372,0.940000,0.907584,0.580475,-786.016940,-785.237903,0.779037,-785.237903,0.779037,349.706419
"correct, rho = 0.94",375,0.940000,0.973375,0.562010,-816.669083,-814.293716,2.375367,-814.293716,2.375367,296.775200
"correct, rho = 0.94",376,0.940000,0.871673,0.567481,-829.995466,-827.999826,1.995640,-827.999826,1.995640,315.524809
"correct, rho = 0.94",374,0.940000,0.978303,0.705909,-794.165748,-791.862703,2.303046,-791.862703,2.303046,381.822841
"correct, rho = 0.94",380,0.940000,0.945293,0.563849,-821.864015,-821.838793,0.025222,-821.838793,0.025222,279.088602
"correct, rho = 0.94",378,0.940000,0.944156,0.754965,-788.569738,-788.548941,0.020797,-788.548941,0.020797,325.483077
"correct, rho = 0.94",377,0.940000,0.986904,0.651306,-822.149009,-818.395030,3.753979,-818.395030,3.753979,333.144737
"correct, rho = 0.94",379,0.940000,0.921327,0.579125,-794.925416,-794.631234,0.294182,-794.631234,0.294182,353.564915
"correct, rho = 0.94",383,0.940000,0.984678,0.566469,-802.882189,-798.796410,4.085779,-798.796410,4.085779,279.866757
"correct, rho = 0.94",384,0.940000,0.942489,0.634687,-770.168970,-770.162384,0.006586,-770.162384,0.006586,267.042036
"correct, rho = 0.94",382,0.940000,0.976128,0.719215,-831.684767,-828.479602,3.205165,-828.479602,3.205165,341.832938
"correct, rho = 0.94",385,0.940000,0.939461,0.511934,-801.550170,-801.549947,0.000224,-801.549947,0.000224,287.801312
"correct, rho = 0.94",387,0.940000,0.950559,0.566443,-819.533997,-819.384122,0.149875,-819.384122,0.149875,258.057388
"correct, rho = 0.94",386,0.940000,0.892716,0.481601,-813.585218,-812.429399,1.155819,-812.429399,1.155819,302.542103
"correct, rho = 0.94",381,0.940000,0.957210,0.493014,-784.809269,-784.443607,0.365662,-784.443607,0.365662,427.118843
"correct, rho = 0.94",388,0.940000,0.905151,0.717517,-803.588154,-802.882494,0.705660,-802.882494,0.705660,296.172498
"correct, rho = 0.94",391,0.940000,0.902709,0.573170,-793.296747,-792.440135,0.856612,-792.440135,0.856612,270.436180
"correct, rho = 0.94",390,0.940000,0.919723,0.679399,-801.947296,-801.677907,0.269388,-801.677907,0.269388,283.257122
"correct, rho = 0.94",392,0.940000,0.935069,0.641557,-832.675308,-832.654904,0.020403,-832.654904,0.020403,260.308296
"correct, rho = 0.94",393,0.940000,0.943500,0.613315,-820.163461,-820.151179,0.012282,-820.151179,0.012282,269.268051
"correct, rho = 0.94",389,0.940000,0.909403,0.714811,-861.510373,-860.893571,0.616802,-860.893571,0.616802,349.271838
"correct, rho = 0.94",396,0.940000,0.950110,0.568329,-781.428349,-781.329529,0.098820,-781.329529,0.098820,282.487595
"correct, rho = 0.94",395,0.940000,0.914949,0.540576,-813.160514,-812.733808,0.426706,-812.733808,0.426706,308.346374
"correct, rho = 0.94",398,0.940000,0.955958,0.739181,-815.671534,-815.345023,0.326511,-815.345023,0.326511,260.932137
"correct, rho = 0.94",397,0.940000,0.899567,0.554395,-766.894045,-766.126429,0.767615,-766.126429,0.767615,296.460892
"correct, rho = 0.94",399,0.940000,0.955927,0.633062,-797.791897,-797.487146,0.304751,-797.487146,0.304751,282.776912
"correct, rho = 0.94",394,0.940000,0.932425,0.556203,-789.749285,-789.691263,0.058022,-789.691263,0.058022,424.658149
"correct, rho = 0.94",401,0.940000,0.930455,0.639574,-828.566052,-828.480618,0.085434,-828.480618,0.085434,277.983603
"correct, rho = 0.94",402,0.940000,0.962991,0.640484,-780.156956,-779.436892,0.720064,-779.436892,0.720064,283.234896
"correct, rho = 0.94",400,0.940000,0.913706,0.657564,-816.682834,-816.143552,0.539281,-816.143552,0.539281,317.997683
"correct, rho = 0.94",403,0.940000,0.939262,0.588325,-789.095094,-789.094643,0.000451,-789.094643,0.000451,255.364456
"correct, rho = 0.94",404,0.940000,0.926664,0.632092,-808.424590,-808.324632,0.099958,-808.324632,0.099958,286.739177
"correct, rho = 0.94",405,0.940000,0.973652,0.445449,-801.536058,-800.347053,1.189005,-800.347053,1.189005,274.658318
"correct, rho = 0.94",406,0.940000,0.954209,0.644109,-821.240819,-821.105666,0.135153,-821.105666,0.135153,321.522510
"correct, rho = 0.94",407,0.940000,0.891013,0.603525,-808.981521,-807.882865,1.098656,-807.882865,1.098656,319.370557
"correct, rho = 0.94",408,0.940000,0.955438,0.767466,-787.437247,-787.142199,0.295048,-787.142199,0.295048,266.934711
"correct, rho = 0.94",409,0.940000,0.964111,0.712879,-789.224237,-788.367686,0.856551,-788.367686,0.856551,264.183093
"correct, rho = 0.94",412,0.940000,0.882444,0.728827,-811.466601,-809.502678,1.963923,-809.502678,1.963923,285.622382
"correct, rho = 0.94",413,0.940000,0.954117,0.622208,-776.882413,-776.646487,0.235926,-776.646487,0.235926,280.156134
"correct, rho = 0.94",416,0.940000,0.962201,0.667701,-813.084007,-812.353415,0.730591,-812.353415,0.730591,274.543809
"correct, rho = 0.94",411,0.940000,0.965286,0.520357,-800.267848,-799.473632,0.794216,-799.473632,0.794216,361.559266
"correct, rho = 0.94",414,0.940000,0.918443,0.652009,-822.351944,-821.981832,0.370112,-821.981832,0.370112,306.025789
"correct, rho = 0.94",415,0.940000,0.875313,0.591093,-799.820758,-797.599037,2.221721,-797.599037,2.221721,293.134744
"correct, rho = 0.94",417,0.940000,0.965698,0.739850,-784.927614,-783.888332,1.039283,-783.888332,1.039283,286.611469
"correct, rho = 0.94",419,0.940000,0.943118,0.707384,-786.652326,-786.643263,0.009063,-786.643263,0.009063,273.713706
"correct, rho = 0.94",418,0.940000,0.948479,0.669868,-784.963772,-784.880807,0.082966,-784.880807,0.082966,283.229236
"correct, rho = 0.94",421,0.940000,0.962299,0.600943,-788.723375,-788.039436,0.683939,-788.039436,0.683939,262.390988
"correct, rho = 0.94",422,0.940000,0.920224,0.619215,-789.248694,-788.992217,0.256477,-788.992217,0.256477,263.492992
"correct, rho = 0.94",420,0.940000,0.955608,0.706630,-812.131516,-811.850683,0.280834,-811.850683,0.280834,308.970828
"correct, rho = 0.94",410,0.940000,0.917777,0.666677,-821.756344,-821.431698,0.324646,-821.431698,0.324646,524.368746
"correct, rho = 0.94",423,0.940000,0.957351,0.539584,-790.737720,-790.448815,0.288905,-790.448815,0.288905,308.044204
"correct, rho = 0.94",424,0.940000,0.985550,0.609149,-800.796989,-795.946182,4.850807,-795.946182,4.850807,271.230781
"correct, rho = 0.94",425,0.940000,0.918602,0.597231,-811.474435,-811.116637,0.357798,-811.116637,0.357798,277.201470
"correct, rho = 0.94",430,0.940000,0.945519,0.621994,-787.445596,-787.421227,0.024369,-787.421227,0.024369,240.553974
"correct, rho = 0.94",427,0.940000,0.942316,0.649681,-835.036085,-835.033049,0.003036,-835.033049,0.003036,268.817926
"correct, rho = 0.94",428,0.940000,0.981074,0.692928,-797.361525,-793.500638,3.860887,-793.500638,3.860887,289.831406
"correct, rho = 0.94",432,0.940000,0.950228,0.673053,-770.609918,-770.461403,0.148515,-770.461403,0.148515,257.368229
"correct, rho = 0.94",431,0.940000,0.867479,0.585363,-789.387720,-786.683023,2.704696,-786.683023,2.704696,276.807163
"correct, rho = 0.94",429,0.940000,0.961938,0.659781,-804.543048,-803.864832,0.678216,-803.864832,0.678216,354.801939
"correct, rho = 0.94",434,0.940000,0.948887,0.618196,-813.453476,-813.382559,0.070917,-813.382559,0.070917,278.941550
"correct, rho = 0.94",436,0.940000,0.818073,0.680290,-810.279939,-805.240015,5.039924,-805.240015,5.039924,274.820874
"correct, rho = 0.94",437,0.940000,0.932227,0.598020,-804.775912,-804.736568,0.039344,-804.736568,0.039344,286.444073
"correct, rho = 0.94",435,0.940000,0.974211,0.664516,-786.093916,-783.973002,2.120914,-783.973002,2.120914,342.452894
"correct, rho = 0.94",426,0.940000,0.876409,0.628788,-831.496948,-829.799880,1.697067,-829.799880,1.697067,523.343320
"correct, rho = 0.94",433,0.940000,0.918039,0.570621,-797.970551,-797.561496,0.409055,-797.561496,0.409055,400.505877
"correct, rho = 0.94",438,0.940000,0.944675,0.590349,-814.796383,-814.772198,0.024185,-814.772198,0.024185,317.953450
"correct, rho = 0.94",439,0.940000,0.892265,0.664720,-815.997427,-814.697028,1.300398,-814.697028,1.300398,294.542305
"correct, rho = 0.94",442,0.940000,0.934822,0.603661,-781.602331,-781.576511,0.025819,-781.576511,0.025819,264.689281
"correct, rho = 0.94",441,0.940000,0.856725,0.494812,-791.155195,-787.820247,3.334948,-787.820247,3.334948,328.457629
"correct, rho = 0.94",444,0.940000,0.977598,0.553205,-788.352924,-785.330683,3.022241,-785.330683,3.022241,277.029786
"correct, rho = 0.94",440,0.940000,0.923476,0.692424,-811.600947,-811.450393,0.150553,-811.450393,0.150553,384.424412
"correct, rho = 0.94",445,0.940000,0.984360,0.579371,-782.479463,-778.098352,4.381111,-778.098352,4.381111,311.096971
"correct, rho = 0.94",446,0.940000,0.963654,0.623612,-786.950229,-786.487991,0.462238,-786.487991,0.462238,284.001257
"correct, rho = 0.94",443,0.940000,0.987471,0.667475,-798.816788,-792.273604,6.543185,-792.273604,6.543185,375.531721
"correct, rho = 0.94",447,0.940000,0.968599,0.528145,-821.068842,-819.961939,1.106904,-819.961939,1.106904,305.292150
"correct, rho = 0.94",450,0.940000,0.943585,0.454525,-797.202098,-797.190793,0.011304,-797.190793,0.011304,274.115528
"correct, rho = 0.94",448,0.940000,0.857612,0.748309,-769.275239,-766.227557,3.047682,-766.227557,3.047682,318.483308
"correct, rho = 0.94",452,0.940000,0.937553,0.691946,-793.001548,-792.995751,0.005797,-792.995751,0.005797,277.858594
"correct, rho = 0.94",451,0.940000,0.980673,0.710760,-814.015727,-810.426536,3.589191,-810.426536,3.589191,328.112647
"correct, rho = 0.94",453,0.940000,0.934622,0.620400,-830.837804,-830.820092,0.017712,-830.820092,0.017712,297.922176
"correct, rho = 0.94",456,0.940000,0.805122,0.690375,-822.280012,-815.936628,6.343384,-815.936628,6.343384,284.298277
"correct, rho = 0.94",455,0.940000,0.943982,0.637073,-775.435903,-775.420112,0.015790,-775.420112,0.015790,295.346525
"correct, rho = 0.94",449,0.940000,0.947073,0.604157,-859.811374,-859.755443,0.055931,-859.755443,0.055931,421.474004
"correct, rho = 0.94",457,0.940000,0.968377,0.612672,-837.415112,-836.246483,1.168629,-836.246483,1.168629,287.659582
"correct, rho = 0.94",460,0.940000,0.970915,0.422690,-764.081268,-762.607012,1.474255,-762.607012,1.474255,273.953929
"correct, rho = 0.94",454,0.940000,0.941269,0.665998,-768.360552,-768.358626,0.001926,-768.358626,0.001926,404.393131
"correct, rho = 0.94",459,0.940000,0.841357,0.620049,-788.259883,-784.407088,3.852795,-784.407088,3.852795,296.345009
"correct, rho = 0.94",458,0.940000,0.955984,0.513981,-782.191460,-781.860603,0.330857,-781.860603,0.330857,304.933046
"correct, rho = 0.94",462,0.940000,0.688330,0.680465,-812.745141,-801.140039,11.605102,-801.140039,11.605102,285.649536
"correct, rho = 0.94",464,0.940000,0.979710,0.538343,-783.399468,-780.090470,3.308998,-780.090470,3.308998,275.410619
"correct, rho = 0.94",465,0.940000,0.964834,0.611557,-743.961365,-742.910699,1.050666,-742.910699,1.050666,279.069210
"correct, rho = 0.94",461,0.940000,0.969723,0.668642,-800.793361,-799.700761,1.092600,-799.700761,1.092600,392.005739
"correct, rho = 0.94",466,0.940000,0.971632,0.712254,-813.081463,-811.349382,1.732081,-811.349382,1.732081,295.548846
"correct, rho = 0.94",468,0.940000,0.849071,0.542268,-820.883480,-817.321754,3.561726,-817.321754,3.561726,278.782085
"correct, rho = 0.94",467,0.940000,0.874084,0.736880,-763.638724,-761.241742,2.396981,-761.241742,2.396981,307.337317
"correct, rho = 0.94",470,0.940000,0.966843,0.618279,-746.792403,-745.661116,1.131288,-745.661116,1.131288,268.097636
"correct, rho = 0.94",469,0.940000,0.921525,0.512140,-838.500557,-838.282497,0.218060,-838.282497,0.218060,301.210227
"correct, rho = 0.94",463,0.940000,0.944563,0.560591,-801.323826,-801.298990,0.024836,-801.298990,0.024836,433.197433
"correct, rho = 0.94",473,0.940000,0.968239,0.647732,-782.987720,-781.767662,1.220058,-781.767662,1.220058,298.334645
"correct, rho = 0.94",474,0.940000,0.945122,0.674885,-820.375364,-820.346694,0.028670,-820.346694,0.028670,333.337134
"correct, rho = 0.94",476,0.940000,0.924220,0.641683,-812.792321,-812.562431,0.229890,-812.562431,0.229890,264.773203
"correct, rho = 0.94",475,0.940000,0.948461,0.598071,-832.684240,-832.604368,0.079872,-832.604368,0.079872,313.935107
"correct, rho = 0.94",477,0.940000,0.883836,0.638965,-780.027597,-778.390369,1.637228,-778.390369,1.637228,273.506736
"correct, rho = 0.94",472,0.940000,0.875629,0.791481,-801.548873,-799.250842,2.298030,-799.250842,2.298030,440.469697
"correct, rho = 0.94",471,0.940000,0.958992,0.734653,-819.207372,-818.686654,0.520717,-818.686654,0.520717,453.610191
"correct, rho = 0.94",482,0.940000,0.938261,0.603093,-789.410494,-789.407261,0.003234,-789.407261,0.003234,255.980160
"correct, rho = 0.94",483,0.940000,0.937704,0.690539,-792.444151,-792.438292,0.005859,-792.438292,0.005859,271.078159
"correct, rho = 0.94",478,0.940000,0.903557,0.719668,-797.748015,-797.013209,0.734806,-797.013209,0.734806,363.005647
"correct, rho = 0.94",484,0.940000,0.963007,0.641208,-794.078267,-793.306541,0.771726,-793.306541,0.771726,277.992719
"correct, rho = 0.94",481,0.940000,0.986958,0.608724,-785.948393,-781.570025,4.378368,-781.570025,4.378368,302.841195
"correct, rho = 0.94",479,0.940000,0.887873,0.747245,-807.416338,-806.031267,1.385072,-806.031267,1.385072,367.499782
"correct, rho = 0.94",485,0.940000,0.896985,0.545642,-819.873851,-819.036105,0.837745,-819.036105,0.837745,311.848159
"correct, rho = 0.94",486,0.940000,0.980731,0.543605,-829.599720,-827.132994,2.466727,-827.132994,2.466727,288.831249
"correct, rho = 0.94",480,0.940000,0.875371,0.757367,-817.474176,-815.185748,2.288428,-815.185748,2.288428,453.252045
"correct, rho = 0.94",489,0.940000,0.971129,0.679716,-831.574142,-830.020997,1.553145,-830.020997,1.553145,268.881062
"correct, rho = 0.94",490,0.940000,0.896288,0.614054,-823.216135,-822.253472,0.962663,-822.253472,0.962663,264.042073
"correct, rho = 0.94",488,0.940000,0.942399,0.770033,-776.699198,-776.692399,0.006800,-776.692399,0.006800,287.353221
"correct, rho = 0.94",487,0.940000,0.924759,0.747580,-831.203165,-831.025822,0.177343,-831.025822,0.177343,359.522880
"correct, rho = 0.94",491,0.940000,0.971595,0.737094,-773.254895,-771.665987,1.588908,-771.665987,1.588908,311.456591
"correct, rho = 0.94",494,0.940000,0.961119,0.712620,-802.581934,-802.014460,0.567474,-802.014460,0.567474,256.506705
"correct, rho = 0.94",493,0.940000,0.947637,0.612091,-794.354053,-794.305660,0.048392,-794.305660,0.048392,268.682922
"correct, rho = 0.94",492,0.940000,0.921795,0.616449,-778.883928,-778.677367,0.206562,-778.677367,0.206562,299.687393
"correct, rho = 0.94",496,0.940000,0.880351,0.603324,-802.939732,-801.461914,1.477818,-801.461914,1.477818,274.982319
"correct, rho = 0.94",497,0.940000,0.912476,0.537096,-778.291204,-777.884999,0.406205,-777.884999,0.406205,284.843390
"correct, rho = 0.94",495,0.940000,0.975761,0.636512,-777.440909,-775.791119,1.649790,-775.791119,1.649790,316.997503
"correct, rho = 0.94",498,0.940000,0.973125,0.679254,-832.264944,-830.751883,1.513061,-830.751883,1.513061,291.389818
"correct, rho = 0.94",500,0.940000,0.920123,0.655148,-798.503527,-798.225653,0.277875,-798.225653,0.277875,250.471632
"correct, rho = 0.94",499,0.940000,0.973171,0.619261,-785.456634,-783.821631,1.635002,-783.821631,1.635002,303.784968
correctly specified,29,0.588391,0.576793,0.656795,-768.851638,-768.845966,0.005672,,,249.349198
correctly specified,27,0.588391,0.429350,0.673473,-784.938617,-784.088169,0.850447,,,271.112856
correctly specified,28,0.588391,0.685906,0.666854,-736.252719,-735.771122,0.481597,,,287.548757
correctly specified,30,0.588391,0.500998,0.724371,-745.511846,-745.232333,0.279513,,,262.764416
correctly specified,32,0.588391,0.723708,0.535916,-776.190270,-775.123498,1.066773,,,254.573959
correctly specified,31,0.588391,0.766211,0.615292,-744.810280,-742.728496,2.081784,,,281.454172
correctly specified,33,0.588391,0.721609,0.558883,-768.340262,-767.423826,0.916436,,,266.307295
correctly specified,35,0.588391,0.770773,0.511515,-780.116655,-778.010458,2.106196,,,259.363112
correctly specified,34,0.588391,0.423213,0.646312,-810.752495,-809.885524,0.866971,,,282.173618
correctly specified,36,0.588391,0.537185,0.705763,-793.243283,-793.140617,0.102666,,,250.839048
correctly specified,37,0.588391,0.885547,0.618034,-759.295441,-750.569106,8.726335,,,289.411085
correctly specified,38,0.588391,0.594494,0.547255,-758.887791,-758.886338,0.001453,,,245.401516
correctly specified,39,0.588391,0.518047,0.735899,-772.964650,-772.775900,0.188750,,,251.951169
correctly specified,41,0.588391,0.568174,0.638745,-742.698020,-742.681143,0.016877,,,247.130263
correctly specified,43,0.588391,0.559337,0.693405,-753.871457,-753.836246,0.035211,,,227.659122
correctly specified,42,0.588391,0.591251,0.716074,-777.595736,-777.595400,0.000336,,,250.724161
correctly specified,44,0.588391,0.702902,0.600150,-786.858990,-786.135715,0.723274,,,254.220834
correctly specified,45,0.588391,0.446435,0.671369,-732.088756,-731.390225,0.698532,,,257.429083
correctly specified,40,0.588391,0.419754,0.535148,-767.112115,-766.107058,1.005057,,,352.637057
correctly specified,46,0.588391,0.190560,0.570779,-784.720726,-780.741855,3.978871,,,261.145999
correctly specified,48,0.588391,0.708838,0.710957,-778.464684,-777.715835,0.748849,,,248.827976
correctly specified,50,0.588391,0.744846,0.643274,-786.647332,-785.165489,1.481843,,,248.605283
correctly specified,49,0.588391,0.581608,0.598519,-748.430419,-748.428448,0.001970,,,251.815909
correctly specified,47,0.588391,0.893806,0.776080,-841.126244,-831.539108,9.587136,,,299.600107
correctly specified,51,0.588391,0.882393,0.650267,-788.151017,-780.034337,8.116680,,,246.891211
correctly specified,53,0.588391,0.601884,0.709600,-780.899844,-780.891503,0.008341,,,236.609241
correctly specified,52,0.588391,0.531317,0.658073,-783.273268,-783.142615,0.130653,,,254.998218
correctly specified,56,0.588391,0.288323,0.628492,-793.306198,-790.801033,2.505165,,,251.173919
correctly specified,54,0.588391,0.779498,0.558174,-781.838197,-779.653595,2.184602,,,301.228529
correctly specified,57,0.588391,0.725895,0.637914,-748.747378,-747.677579,1.069799,,,237.296341
correctly specified,58,0.588391,0.547866,0.654599,-789.174743,-789.113232,0.061511,,,241.991746
correctly specified,55,0.588391,0.614043,0.653385,-796.933953,-796.904547,0.029406,,,312.304239
correctly specified,59,0.588391,0.879818,0.753709,-799.313288,-791.007192,8.306095,,,269.671689
correctly specified,61,0.588391,0.640953,0.637741,-736.813573,-736.680540,0.133033,,,243.398512
correctly specified,60,0.588391,0.586755,0.528343,-790.417589,-790.417479,0.000110,,,258.969024
correctly specified,62,0.588391,0.622378,0.669787,-712.038291,-711.985492,0.052798,,,253.102147
correctly specified,63,0.588391,0.856699,0.577278,-735.153377,-728.696887,6.456490,,,255.647617
correctly specified,65,0.588391,0.533573,0.574126,-736.893093,-736.774104,0.118989,,,253.235581
correctly specified,66,0.588391,0.435108,0.629883,-769.421285,-768.663408,0.757877,,,245.788574
correctly specified,67,0.588391,0.673681,0.695004,-760.567012,-760.200272,0.366740,,,247.759501
correctly specified,68,0.588391,0.533357,0.472736,-726.736147,-726.625671,0.110476,,,228.322902
correctly specified,64,0.588391,0.740853,0.611697,-737.697975,-736.298594,1.399381,,,375.424980
correctly specified,69,0.588391,0.845287,0.555309,-795.143729,-789.576955,5.566773,,,241.588861
correctly specified,70,0.588391,0.589776,0.679039,-760.039574,-760.039473,0.000101,,,235.323321
correctly specified,71,0.588391,0.672469,0.640021,-771.508576,-771.142133,0.366443,,,249.090190
correctly specified,73,0.588391,0.505893,0.763231,-803.234615,-802.968138,0.266477,,,236.321523
correctly specified,75,0.588391,0.659985,0.555707,-719.342309,-719.092589,0.249720,,,235.419125
correctly specified,76,0.588391,0.526852,0.735769,-764.770930,-764.623420,0.147510,,,241.381767
correctly specified,77,0.588391,0.708819,0.591396,-784.604478,-783.782438,0.822040,,,248.357964
correctly specified,78,0.588391,0.583275,0.403519,-826.026697,-826.025788,0.000909,,,248.855355
correctly specified,72,0.588391,0.759997,0.702561,-746.741475,-744.866794,1.874681,,,357.317713
correctly specified,80,0.588391,0.636555,0.583977,-782.055540,-781.940606,0.114934,,,229.927438
correctly specified,79,0.588391,0.420169,0.609843,-788.331862,-787.400801,0.931061,,,249.229718
correctly specified,81,0.588391,0.589864,0.700055,-780.594812,-780.594724,0.000088,,,233.227043
correctly specified,82,0.588391,0.267613,0.621051,-793.566958,-790.617965,2.948993,,,238.550498
correctly specified,84,0.588391,0.590597,0.537439,-779.171100,-779.170865,0.000236,,,220.022193
correctly specified,85,0.588391,0.722516,0.609743,-766.796123,-765.731933,1.064190,,,249.845728
correctly specified,86,0.588391,0.548741,0.640923,-731.580863,-731.518810,0.062053,,,245.972217
correctly specified,83,0.588391,0.497973,0.705602,-795.013276,-794.741759,0.271516,,,308.112481
correctly specified,88,0.588391,0.381583,0.551156,-784.881960,-783.488974,1.392986,,,250.554495
correctly specified,87,0.588391,0.371552,0.514215,-800.273288,-798.754903,1.518384,,,281.111454
correctly specified,89,0.588391,0.580093,0.726975,-803.433400,-803.430469,0.002931,,,244.939928
correctly specified,74,0.588391,0.745059,0.686131,-757.241856,-755.705123,1.536733,,,526.378493
correctly specified,92,0.588391,0.528171,0.602854,-747.524116,-747.385613,0.138503,,,242.102552
correctly specified,91,0.588391,0.546288,0.512279,-799.552966,-799.479945,0.073022,,,247.939064
correctly specified,93,0.588391,0.424031,0.667609,-741.725164,-740.811054,0.914111,,,248.016386
correctly specified,90,0.588391,0.176912,0.610334,-756.537899,-752.606410,3.931489,,,274.974685
correctly specified,94,0.588391,0.426235,0.593341,-774.192250,-773.264265,0.927986,,,234.396419
correctly specified,95,0.588391,0.676823,0.695196,-759.495023,-759.071490,0.423533,,,235.378056
correctly specified,96,0.588391,0.383334,0.599352,-758.821212,-757.535580,1.285632,,,263.097638
correctly specified,97,0.588391,0.666106,0.625159,-774.420715,-774.132500,0.288215,,,251.197949
correctly specified,98,0.588391,0.373716,0.612369,-757.120920,-755.700354,1.420566,,,244.823384
correctly specified,102,0.588391,0.614150,0.650089,-779.408834,-779.378574,0.030261,,,239.664695
correctly specified,100,0.588391,0.724347,0.650344,-779.786379,-778.814203,0.972176,,,244.907875
correctly specified,103,0.588391,0.695950,0.658485,-741.947711,-741.337708,0.610003,,,249.463077
correctly specified,101,0.588391,0.814269,0.534074,-756.163979,-752.382689,3.781290,,,279.336615
correctly specified,104,0.588391,0.302236,0.572356,-763.067420,-760.651347,2.416073,,,231.267265
correctly specified,105,0.588391,0.665246,0.609772,-765.059553,-764.750643,0.308910,,,232.592659
correctly specified,106,0.588391,0.680103,0.619392,-725.142395,-724.756716,0.385679,,,244.801279
correctly specified,108,0.588391,0.687663,0.593085,-765.266995,-764.726383,0.540612,,,238.158080
correctly specified,107,0.588391,0.291698,0.661156,-776.327915,-773.645335,2.682580,,,258.130090
correctly specified,99,0.588391,0.668888,0.607693,-765.358875,-765.035755,0.323120,,,370.247828
correctly specified,109,0.588391,0.856178,0.552798,-779.854643,-773.735270,6.119373,,,250.073135
correctly specified,110,0.588391,0.642391,0.501237,-801.685924,-801.541038,0.144886,,,248.936356
correctly specified,112,0.588391,0.506694,0.631458,-772.471200,-772.205474,0.265727,,,233.687685
correctly specified,111,0.588391,0.379698,0.555734,-780.692605,-779.341614,1.350991,,,247.619815
correctly specified,113,0.588391,0.732147,0.542858,-768.398968,-767.163252,1.235716,,,241.642457
correctly specified,114,0.588391,0.681236,0.545326,-825.070455,-824.626572,0.443883,,,241.298183
correctly specified,115,0.588391,0.629008,0.741212,-789.677843,-789.596583,0.081260,,,242.331685
correctly specified,116,0.588391,0.558344,0.731384,-800.660395,-800.626336,0.034058,,,250.473263
correctly specified,118,0.588391,0.385075,0.648531,-781.873149,-780.551455,1.321694,,,247.115584
correctly specified,117,0.588391,0.693007,0.578765,-766.660201,-766.061393,0.598809,,,256.364650
correctly specified,119,0.588391,0.591758,0.555106,-769.610356,-769.609881,0.000475,,,239.263359
correctly specified,120,0.588391,0.658672,0.527032,-785.439086,-785.200088,0.238998,,,242.457410
correctly specified,121,0.588391,0.574636,0.565769,-762.504497,-762.496858,0.007640,,,242.998607
correctly specified,122,0.588391,0.497236,0.699377,-771.637713,-771.332312,0.305401,,,274.394188
correctly specified,123,0.588391,0.606754,0.675265,-782.455715,-782.440783,0.014933,,,255.077995
correctly specified,124,0.588391,0.895153,0.548908,-816.532261,-806.845348,9.686913,,,248.380463
correctly specified,125,0.588391,0.739798,0.702748,-799.215724,-797.914494,1.301230,,,238.257441
correctly specified,126,0.588391,0.196042,0.664484,-751.009756,-747.128623,3.881134,,,253.480392
correctly specified,128,0.588391,0.057536,0.574165,-811.272457,-804.876104,6.396353,,,241.254568
correctly specified,127,0.588391,0.467778,0.489044,-759.641541,-759.117574,0.523967,,,263.087873
correctly specified,129,0.588391,0.295070,0.597597,-786.820439,-784.483458,2.336981,,,256.584521
correctly specified,130,0.588391,0.291213,0.587488,-734.082161,-731.815494,2.266668,,,233.969882
correctly specified,132,0.588391,0.717204,0.574396,-749.636362,-748.703099,0.933262,,,254.209562
correctly specified,133,0.588391,0.705434,0.617116,-757.061608,-756.340228,0.721380,,,245.901078
correctly specified,131,0.588391,0.554412,0.711281,-756.829803,-756.783758,0.046045,,,258.078143
correctly specified,134,0.588391,0.649024,0.656823,-741.996905,-741.832477,0.164427,,,243.280500
correctly specified,136,0.588391,0.571624,0.663014,-745.018577,-745.007269,0.011309,,,239.431852
correctly specified,138,0.588391,0.622673,0.632704,-770.639029,-770.583323,0.055706,,,249.706378
correctly specified,139,0.588391,0.704183,0.581327,-780.766353,-780.005150,0.761203,,,253.894485
correctly specified,135,0.588391,0.346566,0.728496,-791.112831,-789.348450,1.764381,,,352.293178
correctly specified,140,0.588391,0.550878,0.582758,-770.550890,-770.492919,0.057971,,,247.410129
correctly specified,141,0.588391,0.838880,0.712572,-785.720232,-780.464865,5.255367,,,262.499043
correctly specified,143,0.588391,0.185230,0.649906,-805.420063,-801.347240,4.072823,,,257.779867
correctly specified,144,0.588391,0.728750,0.597804,-757.972831,-756.848853,1.123978,,,252.571415
correctly specified,137,0.588391,0.609375,0.633322,-770.354292,-770.335082,0.019210,,,395.789375
correctly specified,147,0.588391,0.301774,0.534300,-787.213083,-785.012870,2.200213,,,229.299231
correctly specified,146,0.588391,0.612019,0.720586,-795.893938,-795.868088,0.025850,,,246.298984
correctly specified,148,0.588391,0.692431,0.624417,-790.366018,-789.810737,0.555281,,,249.446995
correctly specified,145,0.588391,0.300397,0.798366,-734.427676,-731.997662,2.430014,,,304.460915
correctly specified,149,0.588391,0.704842,0.519017,-744.053254,-743.264703,0.788551,,,246.281921
correctly specified,142,0.588391,0.432113,0.656618,-795.541506,-794.735111,0.806395,,,391.757215
correctly specified,150,0.588391,0.651882,0.550403,-770.010151,-769.818302,0.191848,,,240.337604
correctly specified,151,0.588391,0.409383,0.601086,-744.985609,-743.926788,1.058821,,,231.400550
correctly specified,152,0.588391,0.776537,0.585632,-735.749959,-733.482629,2.267330,,,252.774251
correctly specified,153,0.588391,0.674480,0.509194,-726.731770,-726.346322,0.385448,,,243.327731
correctly specified,154,0.588391,0.565260,0.755544,-781.005071,-780.983573,0.021498,,,261.207596
correctly specified,156,0.588391,0.096048,0.721764,-806.490371,-801.127983,5.362388,,,249.107079
correctly specified,158,0.588391,0.706092,0.733135,-753.458564,-752.696733,0.761831,,,245.803709
correctly specified,159,0.588391,0.689199,0.550970,-793.986699,-793.456362,0.530336,,,237.676993
correctly specified,160,0.588391,0.613508,0.670854,-765.437922,-765.409428,0.028494,,,239.296457
correctly specified,155,0.588391,0.021441,0.689105,-815.113914,-808.245458,6.868456,,,301.126175
correctly specified,161,0.588391,0.491130,0.541218,-790.495277,-790.149348,0.345929,,,259.680584
correctly specified,162,0.588391,0.696872,0.601461,-773.576747,-772.933816,0.642932,,,259.677635
correctly specified,163,0.588391,0.529164,0.582665,-796.057762,-795.924759,0.133003,,,245.461271
correctly specified,165,0.588391,0.433111,0.614877,-712.994635,-712.174899,0.819736,,,228.703964
correctly specified,166,0.588391,0.460364,0.555960,-756.679161,-756.142348,0.536812,,,243.753744
correctly specified,167,0.588391,0.077652,0.695168,-759.174400,-752.897693,6.276707,,,242.753670
correctly specified,164,0.588391,0.236519,0.634874,-776.335081,-773.114680,3.220401,,,294.400267
correctly specified,157,0.588391,0.874535,0.696596,-786.433984,-778.641991,7.791993,,,434.410640
correctly specified,168,0.588391,0.639715,0.590046,-763.699086,-763.577169,0.121916,,,243.951465
correctly specified,169,0.588391,0.669776,0.586268,-778.318251,-778.006245,0.312005,,,251.232538
correctly specified,171,0.588391,0.823531,0.620640,-763.465789,-759.373324,4.092465,,,242.058107
correctly specified,173,0.588391,0.436055,0.624623,-751.659210,-750.830145,0.829065,,,241.822635
correctly specified,172,0.588391,0.345954,0.652246,-750.868772,-749.165614,1.703158,,,268.181472
correctly specified,174,0.588391,0.503065,0.734604,-734.210492,-733.930245,0.280248,,,256.207820
correctly specified,175,0.588391,0.787313,0.622761,-759.264999,-756.484226,2.780773,,,251.503263
correctly specified,177,0.588391,0.139793,0.691270,-754.323271,-749.618912,4.704359,,,245.805135
correctly specified,176,0.588391,0.476599,0.530936,-793.747217,-793.279881,0.467336,,,258.871218
correctly specified,170,0.588391,0.426591,0.537490,-777.959840,-777.081746,0.878094,,,376.778544
correctly specified,178,0.588391,0.273923,0.644586,-747.132020,-744.547338,2.584682,,,241.633425
correctly specified,179,0.588391,0.614301,0.638577,-751.864365,-751.833967,0.030398,,,249.140180
correctly specified,180,0.588391,0.751869,0.487423,-806.223885,-804.612877,1.611008,,,268.204807
correctly specified,181,0.588391,0.822003,0.631904,-749.581116,-745.465840,4.115276,,,257.794008
correctly specified,182,0.588391,0.572590,0.566735,-780.231237,-780.220661,0.010576,,,246.694643
correctly specified,184,0.588391,0.526483,0.718589,-746.650825,-746.496224,0.154601,,,238.301153
correctly specified,186,0.588391,0.449678,0.562305,-758.392378,-757.764941,0.627437,,,251.389198
correctly specified,187,0.588391,0.498368,0.664275,-743.289734,-742.986937,0.302796,,,237.378136
correctly specified,188,0.588391,0.463862,0.632416,-749.497625,-748.942648,0.554977,,,239.259937
correctly specified,190,0.588391,0.713265,0.551086,-804.804177,-804.008690,0.795487,,,232.073581
correctly specified,189,0.588391,0.573202,0.640602,-756.568187,-756.559265,0.008921,,,245.397158
correctly specified,191,0.588391,0.776700,0.718443,-786.164873,-783.748386,2.416487,,,245.349279
correctly specified,192,0.588391,0.369082,0.560016,-767.327725,-765.815773,1.511952,,,221.716945
correctly specified,193,0.588391,0.582731,0.564177,-762.315095,-762.313738,0.001358,,,236.558714
correctly specified,185,0.588391,0.439848,0.692763,-825.977491,-825.223060,0.754432,,,375.616172
correctly specified,195,0.588391,0.711317,0.663491,-741.779432,-740.960484,0.818948,,,258.110214
correctly specified,183,0.588391,0.393134,0.509458,-780.312471,-779.083907,1.228564,,,473.302772
correctly specified,197,0.588391,0.473672,0.725632,-769.521162,-769.058832,0.462330,,,237.324158
correctly specified,196,0.588391,0.848471,0.740093,-809.413931,-804.157659,5.256272,,,290.950796
correctly specified,198,0.588391,0.602316,0.657129,-779.869897,-779.861096,0.008801,,,247.005985
correctly specified,199,0.588391,0.472270,0.635043,-752.369235,-751.900386,0.468850,,,232.380971
correctly specified,200,0.588391,0.864653,0.736563,-762.635848,-755.680814,6.955034,,,253.134249
correctly specified,201,0.588391,0.465947,0.708606,-780.693055,-780.218441,0.474614,,,246.969038
correctly specified,203,0.588391,0.619789,0.724300,-752.735961,-752.691801,0.044160,,,238.873005
correctly specified,202,0.588391,0.583621,0.642159,-761.373729,-761.372829,0.000900,,,259.779260
correctly specified,194,0.588391,0.640228,0.628078,-775.125129,-774.996253,0.128875,,,440.770207
correctly specified,204,0.588391,0.469673,0.543966,-795.662437,-795.186291,0.476146,,,255.891423
correctly specified,206,0.588391,0.514191,0.643629,-735.764545,-735.546368,0.218178,,,241.515621
correctly specified,205,0.588391,0.713856,0.772040,-807.735024,-806.825800,0.909223,,,258.173221
correctly specified,208,0.588391,0.541359,0.601830,-772.057319,-771.965146,0.092173,,,229.092936
correctly specified,209,0.588391,0.669063,0.688592,-698.863699,-698.523138,0.340561,,,232.271391
correctly specified,207,0.588391,0.374702,0.723120,-766.452352,-765.015544,1.436808,,,264.212925
correctly specified,210,0.588391,0.423916,0.658899,-763.335539,-762.430210,0.905329,,,242.518770
correctly specified,212,0.588391,0.834317,0.697107,-794.881808,-790.325495,4.556313,,,246.783331
correctly specified,213,0.588391,0.615158,0.598940,-774.013701,-773.981095,0.032606,,,245.943086
correctly specified,218,0.588391,0.476082,0.666433,-748.959372,-748.502703,0.456669,,,232.456559
correctly specified,214,0.588391,0.296950,0.510603,-777.765710,-775.196113,2.569597,,,276.177399
correctly specified,215,0.588391,0.809392,0.655613,-816.862308,-813.056774,3.805534,,,267.553862
correctly specified,219,0.588391,0.625979,0.614075,-835.633587,-835.564849,0.068738,,,227.777473
correctly specified,217,0.588391,0.507611,0.556689,-745.655801,-745.418594,0.237207,,,262.901740
correctly specified,221,0.588391,0.841973,0.574934,-788.344457,-783.417362,4.927095,,,235.400611
correctly specified,220,0.588391,0.813725,0.648222,-748.592194,-744.765354,3.826840,,,292.948156
correctly specified,211,0.588391,0.344133,0.699646,-789.212140,-787.431597,1.780543,,,408.380132
correctly specified,223,0.588391,0.568339,0.540164,-769.817761,-769.802568,0.015194,,,243.565046
correctly specified,222,0.588391,0.707592,0.653687,-769.216967,-768.466410,0.750556,,,254.161546
correctly specified,224,0.588391,0.569649,0.580839,-783.779779,-783.765455,0.014325,,,240.771248
correctly specified,225,0.588391,0.591447,0.579520,-775.464769,-775.464387,0.000382,,,230.817723
correctly specified,216,0.588391,0.516419,0.572639,-753.007145,-752.802202,0.204943,,,425.569824
correctly specified,227,0.588391,0.670966,0.656686,-764.998089,-764.640311,0.357778,,,242.107443
correctly specified,230,0.588391,0.677173,0.616847,-759.176085,-758.748215,0.427870,,,238.186362
correctly specified,229,0.588391,0.601044,0.690026,-794.215103,-794.208467,0.006636,,,243.383234
correctly specified,226,0.588391,0.412033,0.650530,-775.428431,-774.397678,1.030752,,,296.696899
correctly specified,228,0.588391,0.429643,0.672628,-790.428354,-789.535529,0.892826,,,268.629492
correctly specified,231,0.588391,0.770737,0.586381,-760.805010,-758.642468,2.162542,,,259.818891
correctly specified,232,0.588391,0.548947,0.680334,-777.256020,-777.193042,0.062979,,,248.259013
correctly specified,233,0.588391,0.554616,0.700788,-793.405535,-793.355915,0.049620,,,232.901003
correctly specified,234,0.588391,0.400451,0.550661,-755.116749,-753.949350,1.167399,,,239.550682
correctly specified,236,0.588391,0.518295,0.641109,-759.675116,-759.501894,0.173222,,,263.052242
correctly specified,237,0.588391,0.254142,0.536924,-796.998746,-793.927939,3.070807,,,254.365638
correctly specified,238,0.588391,0.588498,0.692464,-746.256967,-746.256967,0.000000,,,231.618398
correctly specified,239,0.588391,0.531594,0.644520,-778.670360,-778.542537,0.127823,,,252.490861
correctly specified,235,0.588391,0.783207,0.572178,-773.995910,-771.631666,2.364244,,,366.229950
correctly specified,240,0.588391,0.589622,0.658550,-748.260760,-748.260690,0.000070,,,255.573414
correctly specified,242,0.588391,0.273467,0.497461,-782.496949,-779.733253,2.763697,,,243.057253
correctly specified,243,0.588391,0.467867,0.587797,-729.605639,-729.058446,0.547193,,,240.809805
correctly specified,244,0.588391,0.333670,0.559295,-777.041261,-775.174544,1.866718,,,231.284158
correctly specified,245,0.588391,0.456094,0.605238,-772.855425,-772.215502,0.639923,,,251.006359
correctly specified,241,0.588391,0.331893,0.661917,-745.313040,-743.417047,1.895993,,,301.739383
correctly specified,248,0.588391,0.615567,0.673156,-747.375130,-747.342645,0.032485,,,237.840844
correctly specified,247,0.588391,0.817321,0.607537,-728.649914,-724.828872,3.821042,,,252.285599
correctly specified,249,0.588391,0.695575,0.590563,-784.116690,-783.466730,0.649960,,,229.534527
correctly specified,250,0.588391,0.759071,0.636075,-730.910681,-729.217305,1.693376,,,249.318607
correctly specified,251,0.588391,0.546235,0.701947,-797.032154,-796.957742,0.074412,,,230.816675
correctly specified,252,0.588391,0.649390,0.688748,-758.041362,-757.860039,0.181322,,,238.726204
correctly specified,253,0.588391,0.702351,0.623806,-782.514158,-781.841998,0.672160,,,265.049452
correctly specified,257,0.588391,0.515124,0.641966,-756.167348,-755.958362,0.208986,,,227.127357
correctly specified,254,0.588391,0.589780,0.568935,-754.479832,-754.479749,0.000082,,,244.784165
correctly specified,255,0.588391,0.507984,0.601422,-749.368761,-749.114396,0.254364,,,247.384698
correctly specified,246,0.588391,0.400689,0.655894,-759.124197,-757.952653,1.171545,,,430.296788
correctly specified,258,0.588391,0.633643,0.561722,-747.759581,-747.663597,0.095983,,,232.873232
correctly specified,256,0.588391,0.646057,0.658102,-808.589440,-808.425111,0.164329,,,279.699336
correctly specified,261,0.588391,0.564086,0.562772,-758.997876,-758.972550,0.025326,,,230.751086
correctly specified,262,0.588391,0.422290,0.688286,-743.948027,-743.035887,0.912140,,,254.990255
correctly specified,263,0.588391,0.560588,0.540919,-774.758016,-774.726828,0.031188,,,244.764557
correctly specified,264,0.588391,0.337720,0.602889,-718.969564,-717.150976,1.818588,,,258.908182
correctly specified,259,0.588391,0.584214,0.591592,-795.604008,-795.603269,0.000739,,,350.976523
correctly specified,265,0.588391,0.364100,0.544848,-758.003311,-756.442546,1.560765,,,237.395640
correctly specified,260,0.588391,0.638294,0.601152,-767.312203,-767.187983,0.124220,,,386.581284
correctly specified,270,0.588391,0.625614,0.661554,-740.453988,-740.389882,0.064106,,,229.389476
correctly specified,266,0.588391,0.691924,0.660801,-758.274279,-757.708102,0.566177,,,250.450267
correctly specified,267,0.588391,0.637740,0.671496,-740.987335,-740.866810,0.120525,,,247.093792
correctly specified,269,0.588391,0.771594,0.562510,-719.588240,-717.587822,2.000417,,,245.440682
correctly specified,271,0.588391,0.788291,0.605759,-736.243887,-733.633602,2.610284,,,237.503434
correctly specified,273,0.588391,0.620415,0.608472,-751.987046,-751.943126,0.043920,,,232.434652
correctly specified,272,0.588391,0.717244,0.536372,-789.034239,-788.071140,0.963098,,,248.918962
correctly specified,268,0.588391,0.766039,0.715977,-731.136282,-729.051565,2.084718,,,301.534711
correctly specified,274,0.588391,0.569929,0.665854,-753.476801,-753.463234,0.013567,,,246.120839
correctly specified,275,0.588391,0.522558,0.686309,-772.307540,-772.138821,0.168718,,,258.234187
correctly specified,276,0.588391,0.570150,0.676804,-760.034771,-760.020337,0.014435,,,254.568161
correctly specified,278,0.588391,0.852472,0.593886,-787.577505,-782.022555,5.554951,,,243.284819
correctly specified,277,0.588391,0.560441,0.602045,-806.235704,-806.203588,0.032116,,,248.865435
correctly specified,279,0.588391,0.777445,0.603916,-769.180943,-766.808289,2.372654,,,257.488117
correctly specified,282,0.588391,0.367493,0.613245,-794.495369,-792.907027,1.588342,,,265.997023
correctly specified,284,0.588391,0.782319,0.746554,-748.721808,-746.149772,2.572036,,,247.939706
correctly specified,287,0.588391,0.591468,0.596559,-743.258323,-743.257903,0.000420,,,218.566400
correctly specified,281,0.588391,0.562490,0.781350,-779.495069,-779.468021,0.027048,,,296.101416
correctly specified,286,0.588391,0.772917,0.643913,-726.976692,-724.674312,2.302379,,,251.266682
correctly specified,285,0.588391,0.525700,0.620447,-759.926280,-759.769766,0.156514,,,256.152941
correctly specified,288,0.588391,0.340403,0.695918,-800.310698,-798.353165,1.957532,,,235.239799
correctly specified,283,0.588391,0.831661,0.477306,-790.573328,-785.698888,4.874440,,,363.270206
correctly specified,292,0.588391,0.593210,0.590286,-789.551174,-789.550160,0.001014,,,227.956450
correctly specified,290,0.588391,0.668615,0.693460,-779.762415,-779.422810,0.339605,,,256.592285
correctly specified,291,0.588391,0.525639,0.715817,-767.464337,-767.317749,0.146588,,,255.002601
correctly specified,293,0.588391,0.454949,0.626428,-752.966441,-752.324703,0.641739,,,247.730766
correctly specified,280,0.588391,0.702928,0.557037,-738.739121,-738.036074,0.703047,,,483.611396
correctly specified,295,0.588391,0.360956,0.585056,-728.065534,-726.701885,1.363648,,,248.282645
correctly specified,296,0.588391,0.335204,0.511101,-759.897099,-757.988668,1.908431,,,240.575137
correctly specified,289,0.588391,0.349923,0.595515,-776.129792,-774.380482,1.749310,,,369.493508
correctly specified,297,0.588391,0.666886,0.586786,-742.656453,-742.349286,0.307167,,,241.860828
correctly specified,299,0.588391,0.569710,0.661267,-813.488899,-813.474984,0.013915,,,247.214699
correctly specified,294,0.588391,0.819770,0.402565,-828.390938,-824.383980,4.006957,,,292.800001
correctly specified,300,0.588391,0.304586,0.582833,-810.260914,-807.907884,2.353031,,,252.482208
correctly specified,298,0.588391,0.851136,0.664715,-729.210344,-723.604393,5.605952,,,300.515791
correctly specified,301,0.588391,0.522148,0.594589,-774.179699,-774.005859,0.173840,,,233.283825
correctly specified,304,0.588391,0.618642,0.659557,-773.844529,-773.802077,0.042452,,,235.937374
correctly specified,303,0.588391,0.593753,0.701678,-796.191115,-796.190059,0.001055,,,245.179811
correctly specified,305,0.588391,0.794321,0.682478,-723.468221,-720.462614,3.005607,,,257.665371
correctly specified,306,0.588391,0.293600,0.666802,-762.458256,-759.991227,2.467028,,,276.010345
correctly specified,307,0.588391,0.525968,0.606169,-763.561392,-763.406426,0.154966,,,252.395482
correctly specified,309,0.588391,0.489679,0.684924,-751.959493,-751.608992,0.350501,,,250.251894
correctly specified,308,0.588391,0.377200,0.583891,-757.092803,-755.765608,1.327195,,,267.577050
correctly specified,310,0.588391,0.557840,0.619178,-757.142191,-757.106643,0.035548,,,260.530609
correctly specified,302,0.588391,0.778776,0.604753,-762.126021,-759.794649,2.331372,,,390.988796
correctly specified,311,0.588391,0.713021,0.678092,-771.709804,-770.835540,0.874265,,,251.066743
correctly specified,312,0.588391,0.814636,0.654247,-787.239984,-783.511601,3.728383,,,263.643422
correctly specified,313,0.588391,0.496841,0.459803,-786.368635,-786.061986,0.306649,,,238.157393
correctly specified,314,0.588391,0.743386,0.631286,-783.301601,-781.787542,1.514059,,,243.665183
correctly specified,315,0.588391,0.580238,0.619114,-739.731959,-739.728961,0.002998,,,246.923452
correctly specified,317,0.588391,0.730427,0.514176,-736.702783,-735.521177,1.181607,,,235.143179
correctly specified,319,0.588391,0.590489,0.533609,-760.256490,-760.256313,0.000177,,,228.451419
correctly specified,318,0.588391,0.729542,0.650042,-788.197864,-787.041265,1.156599,,,248.248153
correctly specified,321,0.588391,0.667446,0.634700,-756.162722,-755.875409,0.287313,,,244.460634
correctly specified,324,0.588391,0.391049,0.494152,-762.450832,-761.225593,1.225239,,,239.252300
correctly specified,322,0.588391,0.549181,0.654462,-772.348034,-772.285143,0.062891,,,250.350101
correctly specified,323,0.588391,0.695478,0.671097,-774.126106,-773.510649,0.615457,,,259.496833
correctly specified,325,0.588391,0.642534,0.561370,-736.158828,-736.024497,0.134331,,,251.033977
correctly specified,326,0.588391,0.546292,0.598607,-776.663900,-776.593101,0.070799,,,234.218021
correctly specified,320,0.588391,0.773051,0.520811,-736.478872,-734.295764,2.183108,,,293.412529
correctly specified,316,0.588391,0.891521,0.664795,-791.791128,-782.632891,9.158237,,,432.233897
correctly specified,327,0.588391,0.751016,0.689225,-766.157301,-764.551871,1.605430,,,265.993495
correctly specified,329,0.588391,0.456515,0.593634,-800.272465,-799.699932,0.572533,,,246.730967
correctly specified,330,0.588391,0.492388,0.477383,-781.719514,-781.387018,0.332496,,,239.428454
correctly specified,331,0.588391,0.266449,0.687406,-776.365650,-773.587895,2.777754,,,245.334797
correctly specified,328,0.588391,0.772958,0.542821,-802.914621,-800.618374,2.296247,,,379.774322
correctly specified,334,0.588391,0.733466,0.653969,-814.490420,-813.269037,1.221383,,,247.979729
correctly specified,333,0.588391,0.838602,0.630817,-788.551508,-784.171329,4.380179,,,275.641526
correctly specified,336,0.588391,0.608522,0.671816,-784.054788,-784.036235,0.018553,,,238.324121
correctly specified,339,0.588391,0.733160,0.582978,-755.334859,-754.149096,1.185764,,,248.249497
correctly specified,338,0.588391,0.524098,0.515506,-757.385852,-757.235624,0.150228,,,261.023117
correctly specified,337,0.588391,0.155542,0.594782,-760.054602,-755.817430,4.237172,,,263.471521
correctly specified,340,0.588391,0.722221,0.735330,-751.853376,-750.817342,1.036033,,,243.861183
correctly specified,332,0.588391,0.768819,0.593637,-775.967792,-773.893550,2.074242,,,370.840981
correctly specified,343,0.588391,0.436038,0.632157,-782.316703,-781.508482,0.808221,,,2550.954956
correctly specified,342,0.588391,0.031381,0.597424,-738.086773,-731.275017,6.811756,,,2605.384549
correctly specified,341,0.588391,0.777561,0.484041,-787.449496,-785.378019,2.071477,,,2610.999439
correctly specified,335,0.588391,0.716036,0.612908,-746.716835,-745.752267,0.964568,,,2685.931797
correctly specified,345,0.588391,0.586026,0.711918,-756.297577,-756.297350,0.000227,,,2556.864849
correctly specified,344,0.588391,0.784705,0.579810,-790.244964,-787.676968,2.567996,,,2626.746071
correctly specified,346,0.588391,0.754669,0.692416,-744.398301,-742.631490,1.766811,,,2579.730762
correctly specified,349,0.588391,0.722992,0.611578,-772.387034,-771.310243,1.076791,,,2575.020224
correctly specified,347,0.588391,0.386079,0.552389,-772.837947,-771.484752,1.353195,,,2597.451780
correctly specified,350,0.588391,0.437915,0.665932,-726.427916,-725.668644,0.759272,,,2574.811134
correctly specified,352,0.588391,0.672959,0.608086,-780.902583,-780.550427,0.352155,,,2558.247234
correctly specified,354,0.588391,0.696591,0.409124,-798.983550,-798.388683,0.594867,,,248.872366
correctly specified,356,0.588391,0.473516,0.477728,-805.739899,-805.265489,0.474410,,,253.074135
correctly specified,355,0.588391,0.778457,0.762273,-798.567497,-796.086215,2.481282,,,274.964041
correctly specified,348,0.588391,0.644501,0.584053,-818.229667,-818.080463,0.149204,,,2690.471659
correctly specified,358,0.588391,0.824662,0.621038,-746.062591,-741.831992,4.230600,,,253.238612
correctly specified,351,0.588391,0.736099,0.664825,-775.483627,-774.196048,1.287580,,,2762.112986
correctly specified,353,0.588391,0.496963,0.765889,-781.431844,-781.125550,0.306294,,,2737.915608
correctly specified,359,0.588391,0.725783,0.692226,-793.495472,-792.381380,1.114092,,,248.276129
correctly specified,360,0.588391,0.409626,0.479964,-804.002557,-802.940547,1.062010,,,255.208742
correctly specified,357,0.588391,0.530284,0.583056,-770.321849,-770.190037,0.131812,,,409.190665
correctly specified,361,0.588391,0.572986,0.594127,-788.291744,-788.281793,0.009951,,,248.548230
correctly specified,364,0.588391,0.533200,0.579630,-764.024067,-763.899601,0.124467,,,248.446272
correctly specified,362,0.588391,0.705162,0.695314,-812.176492,-811.462216,0.714275,,,264.934661
correctly specified,363,0.588391,0.477901,0.647554,-805.190754,-804.759106,0.431648,,,261.038901
correctly specified,365,0.588391,0.561232,0.660444,-781.298321,-781.268259,0.030061,,,236.940686
correctly specified,366,0.588391,0.841843,0.558219,-784.314074,-778.762991,5.551083,,,252.246040
correctly specified,367,0.588391,0.482048,0.597881,-753.695065,-753.281164,0.413902,,,239.679371
correctly specified,368,0.588391,0.409553,0.703524,-756.971826,-755.918253,1.053572,,,253.112133
correctly specified,369,0.588391,0.185674,0.746085,-786.650970,-782.313282,4.337688,,,260.802453
correctly specified,370,0.588391,0.576768,0.635552,-746.704737,-746.698983,0.005753,,,235.351943
correctly specified,371,0.588391,0.684229,0.598915,-791.864690,-791.377112,0.487578,,,244.736796
correctly specified,373,0.588391,0.621219,0.584603,-775.652695,-775.604765,0.047930,,,235.751097
correctly specified,375,0.588391,0.587229,0.710115,-751.762185,-751.762124,0.000061,,,229.276919
correctly specified,374,0.588391,0.614243,0.659330,-799.744963,-799.717113,0.027851,,,250.516654
correctly specified,378,0.588391,0.641660,0.633570,-766.377877,-766.237295,0.140582,,,230.394525
correctly specified,376,0.588391,0.467691,0.614637,-808.092769,-807.567279,0.525491,,,247.661422
correctly specified,377,0.588391,0.169325,0.578834,-783.407058,-778.945327,4.461730,,,246.395150
correctly specified,379,0.588391,0.655338,0.630847,-756.359861,-756.132272,0.227589,,,237.862355
correctly specified,380,0.588391,0.381792,0.523236,-739.248240,-737.896001,1.352239,,,243.420781
correctly specified,381,0.588391,0.706729,0.657001,-796.231445,-795.454311,0.777134,,,242.498739
correctly specified,382,0.588391,0.635910,0.624610,-785.125234,-785.026468,0.098767,,,243.724233
correctly specified,372,0.588391,0.351300,0.457243,-813.859955,-812.107316,1.752639,,,436.207393
correctly specified,383,0.588391,0.628594,0.701102,-739.045592,-738.971036,0.074557,,,249.036638
correctly specified,384,0.588391,0.530490,0.655148,-790.314192,-790.176493,0.137700,,,247.159817
correctly specified,385,0.588391,0.461733,0.531578,-760.329429,-759.784785,0.544644,,,242.197029
correctly specified,386,0.588391,0.493694,0.745938,-809.594962,-809.268718,0.326244,,,252.884637
correctly specified,387,0.588391,0.706192,0.600993,-739.476506,-738.719163,0.757342,,,248.418735
correctly specified,389,0.588391,0.575691,0.626128,-765.019178,-765.012342,0.006836,,,242.926350
correctly specified,388,0.588391,0.609437,0.569794,-756.193189,-756.173376,0.019813,,,250.424625
correctly specified,391,0.588391,0.631141,0.721521,-761.610047,-761.532162,0.077884,,,289.719485
correctly specified,394,0.588391,0.172280,0.650756,-789.502763,-784.993095,4.509668,,,238.675600
correctly specified,393,0.588391,0.430909,0.543107,-762.236007,-761.384301,0.851706,,,256.170584
correctly specified,395,0.588391,0.539861,0.686604,-796.959654,-796.866307,0.093347,,,256.050531
correctly specified,397,0.588391,0.230636,0.672916,-770.553392,-766.958287,3.595105,,,242.742872
correctly specified,392,0.588391,0.655685,0.618969,-786.235393,-786.004305,0.231088,,,377.217491
correctly specified,398,0.588391,0.774596,0.680705,-759.748542,-757.569880,2.178662,,,236.412964
correctly specified,396,0.588391,0.813517,0.711831,-755.051992,-751.218599,3.833393,,,266.375454
correctly specified,399,0.588391,0.221606,0.715571,-736.461069,-733.024711,3.436358,,,255.568146
correctly specified,400,0.588391,0.780781,0.568735,-718.282252,-715.821701,2.460551,,,254.482927
correctly specified,402,0.588391,0.320323,0.691732,-771.780674,-769.901488,1.879186,,,256.401975
correctly specified,403,0.588391,0.297953,0.747071,-769.752465,-767.417098,2.335367,,,255.802856
correctly specified,390,0.588391,0.782830,0.633895,-754.650998,-752.024531,2.626467,,,499.401919
correctly specified,401,0.588391,0.594304,0.485124,-758.155313,-758.153752,0.001561,,,300.417780
correctly specified,404,0.588391,0.711805,0.627604,-806.949505,-806.098403,0.851102,,,258.089425
correctly specified,405,0.588391,0.629892,0.650554,-740.829470,-740.748899,0.080572,,,278.019775
correctly specified,406,0.588391,0.809048,0.624231,-810.985815,-807.389560,3.596255,,,275.233127
correctly specified,407,0.588391,0.359197,0.694341,-747.327654,-745.684729,1.642925,,,281.740520
correctly specified,411,0.588391,0.582405,0.612360,-790.308976,-790.307363,0.001613,,,241.812252
correctly specified,408,0.588391,0.501029,0.671294,-772.425946,-772.147934,0.278012,,,294.842652
correctly specified,412,0.588391,0.482834,0.649770,-764.448273,-764.041925,0.406347,,,257.692185
correctly specified,409,0.588391,0.845846,0.645553,-803.471937,-797.939967,5.531970,,,300.122184
correctly specified,413,0.588391,0.488631,0.728282,-763.443576,-763.101947,0.341629,,,256.447670
correctly specified,415,0.588391,0.487511,0.647333,-767.602431,-767.230203,0.372227,,,244.006926
correctly specified,416,0.588391,0.697238,0.701544,-757.445436,-756.837386,0.608050,,,284.613464
correctly specified,417,0.588391,0.524296,0.669236,-768.670158,-768.511366,0.158792,,,267.687282
correctly specified,418,0.588391,0.466432,0.560094,-782.885164,-782.361612,0.523551,,,252.817639
correctly specified,414,0.588391,0.501270,0.695380,-776.692606,-776.419837,0.272769,,,328.370605
correctly specified,410,0.588391,0.781988,0.577996,-794.745022,-792.331045,2.413977,,,418.496368
correctly specified,420,0.588391,0.566071,0.663162,-723.410608,-723.390102,0.020506,,,244.027278
correctly specified,422,0.588391,0.672385,0.705305,-754.656442,-754.318341,0.338100,,,248.470743
correctly specified,423,0.588391,0.470436,0.603595,-704.110042,-703.624730,0.485312,,,237.254611
correctly specified,421,0.588391,0.592548,0.716761,-782.442029,-782.441336,0.000694,,,307.295563
correctly specified,424,0.588391,0.776642,0.673421,-757.331443,-754.887299,2.444144,,,261.323736
correctly specified,425,0.588391,0.714524,0.553158,-766.340479,-765.415547,0.924932,,,260.278961
correctly specified,426,0.588391,0.621006,0.566076,-751.053751,-751.006044,0.047707,,,251.460886
correctly specified,419,0.588391,0.380700,0.659942,-778.475589,-777.090562,1.385027,,,427.140733
correctly specified,428,0.588391,0.580864,0.709359,-711.484050,-711.481507,0.002543,,,230.000442
correctly specified,429,0.588391,0.377856,0.628563,-730.761159,-729.378921,1.382238,,,231.751210
correctly specified,431,0.588391,0.682438,0.516292,-773.214004,-772.740282,0.473722,,,242.868043
correctly specified,430,0.588391,0.384080,0.679943,-815.009865,-813.682262,1.327604,,,258.921042
correctly specified,433,0.588391,0.499746,0.643002,-764.719705,-764.420029,0.299676,,,252.933930
correctly specified,427,0.588391,0.267391,0.530150,-754.248790,-751.423901,2.824890,,,378.489825
correctly specified,434,0.588391,0.595779,0.591682,-779.248673,-779.246418,0.002255,,,233.537413
correctly specified,432,0.588391,0.705844,0.686913,-778.917601,-778.247862,0.669740,,,315.343508
correctly specified,436,0.588391,0.746093,0.631280,-710.733191,-709.240869,1.492322,,,243.842767
correctly specified,435,0.588391,0.763201,0.676712,-756.675896,-754.623622,2.052274,,,252.681305
correctly specified,438,0.588391,0.757172,0.618668,-773.224140,-771.532253,1.691887,,,256.814054
correctly specified,442,0.588391,0.511799,0.606076,-806.363738,-806.143062,0.220675,,,238.237524
correctly specified,439,0.588391,0.230971,0.646637,-785.006263,-781.740804,3.265459,,,305.839701
correctly specified,441,0.588391,0.634777,0.704982,-768.927323,-768.829926,0.097396,,,275.062444
correctly specified,443,0.588391,0.662511,0.633607,-797.088169,-796.827751,0.260418,,,249.522652
correctly specified,444,0.588391,0.919232,0.543836,-734.624785,-721.764775,12.860011,,,255.554518
correctly specified,445,0.588391,0.539393,0.571305,-744.490520,-744.395960,0.094560,,,235.424150
correctly specified,437,0.588391,0.561896,0.777094,-798.689570,-798.660592,0.028978,,,383.546279
correctly specified,446,0.588391,0.797635,0.656336,-776.596093,-773.568782,3.027311,,,257.112934
correctly specified,447,0.588391,0.532599,0.744543,-759.013277,-758.887455,0.125822,,,252.348453
correctly specified,448,0.588391,0.275837,0.528339,-750.897301,-748.108499,2.788803,,,252.659039
correctly specified,450,0.588391,0.541379,0.724615,-748.625906,-748.547599,0.078307,,,238.568691
correctly specified,440,0.588391,0.731776,0.562412,-781.206695,-780.113300,1.093395,,,437.165323
correctly specified,449,0.588391,0.617217,0.558103,-764.329676,-764.291049,0.038627,,,291.742103
correctly specified,451,0.588391,0.538774,0.698645,-740.365808,-740.270283,0.095525,,,253.839598
correctly specified,454,0.588391,0.375018,0.611017,-798.169444,-796.710984,1.458461,,,253.387563
correctly specified,456,0.588391,0.604771,0.488878,-804.629633,-804.617489,0.012144,,,229.311830
correctly specified,455,0.588391,0.552220,0.720560,-775.700658,-775.647613,0.053045,,,242.917347
correctly specified,457,0.588391,0.679163,0.718113,-742.742479,-742.330826,0.411653,,,239.313399
correctly specified,458,0.588391,0.898926,0.642355,-775.110908,-764.678567,10.432341,,,241.205744
correctly specified,459,0.588391,0.558845,0.660381,-757.662076,-757.627657,0.034419,,,224.826358
correctly specified,460,0.588391,0.607162,0.578212,-755.348872,-755.333899,0.014972,,,231.207660
correctly specified,461,0.588391,0.326118,0.616266,-774.133135,-772.248111,1.885024,,,240.191765
correctly specified,452,0.588391,0.233479,0.574545,-748.588604,-745.186528,3.402076,,,406.612059
correctly specified,462,0.588391,0.811458,0.692564,-766.855296,-763.280713,3.574583,,,264.269834
correctly specified,463,0.588391,0.611335,0.497029,-764.928078,-764.903014,0.025064,,,245.881103
correctly specified,453,0.588391,0.580040,0.628156,-774.654462,-774.651602,0.002860,,,436.466516
correctly specified,465,0.588391,0.717104,0.504661,-757.417672,-756.484011,0.933661,,,246.582991
correctly specified,464,0.588391,0.382449,0.672996,-792.302246,-791.030147,1.272100,,,287.951125
correctly specified,468,0.588391,0.712527,0.621647,-733.304793,-732.499147,0.805646,,,238.592881
correctly specified,467,0.588391,0.865940,0.603036,-787.441475,-781.495236,5.946239,,,252.234869
correctly specified,469,0.588391,0.673939,0.671790,-800.451697,-800.077908,0.373789,,,247.713946
correctly specified,466,0.588391,0.786227,0.625306,-785.967212,-783.198014,2.769199,,,284.313948
correctly specified,471,0.588391,0.520646,0.495397,-790.704291,-790.534031,0.170259,,,241.614003
correctly specified,470,0.588391,0.067496,0.605807,-729.019751,-723.050737,5.969014,,,273.661115
correctly specified,472,0.588391,0.511208,0.688960,-791.899095,-791.666546,0.232548,,,251.852551
correctly specified,473,0.588391,0.696155,0.535541,-764.121329,-763.465120,0.656209,,,257.745548
correctly specified,474,0.588391,0.825250,0.540037,-751.143392,-746.944599,4.198793,,,243.228864
correctly specified,476,0.588391,0.663807,0.663463,-761.300059,-761.023806,0.276253,,,232.745328
correctly specified,475,0.588391,0.519583,0.611426,-771.910011,-771.729191,0.180820,,,251.528524
correctly specified,477,0.588391,0.668256,0.639233,-780.941928,-780.618854,0.323074,,,286.847639
correctly specified,479,0.588391,0.162852,0.641583,-782.731108,-778.276226,4.454882,,,257.975214
correctly specified,480,0.588391,0.739830,0.601588,-775.281627,-773.888224,1.393403,,,241.184577
correctly specified,478,0.588391,0.723271,0.749605,-758.099150,-757.055360,1.043789,,,325.833530
correctly specified,482,0.588391,0.167629,0.608360,-742.991728,-738.544586,4.447142,,,267.476819
correctly specified,484,0.588391,0.699483,0.637616,-772.126264,-771.442113,0.684151,,,246.863366
correctly specified,487,0.588391,0.491084,0.591909,-753.300315,-752.945624,0.354691,,,250.112671
correctly specified,488,0.588391,0.528596,0.613341,-768.762968,-768.615508,0.147460,,,244.480217
correctly specified,486,0.588391,0.804922,0.771748,-753.551217,-750.165439,3.385778,,,286.050677
correctly specified,483,0.588391,0.588634,0.605609,-801.798315,-801.798315,0.000000,,,338.588591
correctly specified,490,0.588391,0.724869,0.712747,-749.232442,-748.192117,1.040325,,,253.630164
correctly specified,485,0.588391,0.625549,0.565481,-756.213518,-756.149458,0.064059,,,360.288579
correctly specified,481,0.588391,0.578554,0.658022,-736.341485,-736.337635,0.003850,,,435.335458
correctly specified,491,0.588391,0.321893,0.539469,-779.180395,-777.189075,1.991320,,,248.588487
correctly specified,494,0.588391,0.519375,0.513750,-736.388570,-736.195585,0.192984,,,222.027741
correctly specified,492,0.588391,-0.042681,0.722346,-772.685885,-763.896539,8.789346,,,261.754786
correctly specified,493,0.588391,0.669474,0.727539,-731.469716,-731.125475,0.344241,,,240.708012
correctly specified,489,0.588391,0.630587,0.741329,-755.273110,-755.184735,0.088375,,,356.034333
correctly specified,495,0.588391,0.662046,0.718173,-778.514529,-778.240416,0.274113,,,213.764032
correctly specified,496,0.588391,0.590380,0.670381,-758.279365,-758.279198,0.000167,,,216.928922
correctly specified,497,0.588391,0.298529,0.643910,-737.713573,-735.225289,2.488285,,,184.164228
correctly specified,500,0.588391,0.646148,0.538317,-767.127292,-766.973983,0.153309,,,165.530852
correctly specified,499,0.588391,0.606939,0.629258,-792.977912,-792.962469,0.015443,,,180.339785
correctly specified,498,0.588391,0.423181,0.699367,-781.608546,-780.703855,0.904691,,,233.700195
